label,entry_time,exit_time,entry_price,exit_price,stop_loss,take_profit,pnl,r_multiple,fees,spread_cost,sl_slippage,holding_minutes,funding_windows_crossed,win,exit_type
BTC-USDT-SWAP,2026-05-08 00:00:00+00:00,2026-05-08 02:00:00+00:00,79979.2,79330.91144178572,79354.71785714287,81228.16428571426,-122.93082343783307,-1.038121851248184,12.7553776568302,2.55107553136604,3.8121851248184075,120,0,False,SL
BTC-USDT-SWAP,2026-05-08 09:00:00+00:00,2026-05-09 18:00:00+00:00,79849.9,80995.4441519659,79277.12792401704,80995.4441519659,183.1508534480212,2.0,14.040955459982383,2.8081910919964765,0.0,1980,4,True,TP
BTC-USDT-SWAP,2026-05-10 02:00:00+00:00,2026-05-10 15:00:00+00:00,80645.8,81329.57506906464,80303.91246546769,81329.57506906464,171.57391971766896,2.0,23.688400235275843,4.737680047055169,0.0,780,1,True,TP
BTC-USDT-SWAP,2026-05-10 23:00:00+00:00,2026-05-11 00:00:00+00:00,82015.9,81381.10375644082,81405.52541406504,83236.64917186991,-124.06416008905587,-1.0400109345752155,13.384977645010636,2.6769955290021272,4.0010934575215575,60,0,False,SL
BTC-USDT-SWAP,2026-05-11 01:00:00+00:00,2026-05-11 03:00:00+00:00,81442.9,80728.40122708418,80752.62701518873,82823.44596962252,-121.1154659319611,-1.035095952815212,11.746896140765614,2.349379228153123,3.5095952815211864,120,0,False,SL
BTC-USDT-SWAP,2026-05-12 20:00:00+00:00,2026-05-13 12:00:00+00:00,80788.5,80169.95955929231,80194.0177646217,81977.46447075659,-124.33907655832375,-1.0404691745146628,13.537701379492653,2.7075402758985305,4.04691745146628,960,2,False,SL
BTC-USDT-SWAP,2026-05-14 15:00:00+00:00,2026-05-15 13:00:00+00:00,80917.7,80184.6742096323,80208.7368306815,82335.62633863698,-120.42231146695083,-1.033940579836235,11.3618295830865,2.2723659166173,3.394057983623515,1320,2,False,SL
BTC-USDT-SWAP,2026-05-23 21:00:00+00:00,2026-05-23 22:00:00+00:00,77257.1,76617.5095184872,76640.5016689879,78490.29666202422,-122.43098298457166,-1.0372887005110005,12.477702401976298,2.4955404803952597,3.7288700511000474,60,0,False,SL
BTC-USDT-SWAP,2026-05-24 14:00:00+00:00,2026-05-24 21:00:00+00:00,76764.5,76220.80739577337,76243.68049992334,77806.13900015331,-126.4078807950089,-1.0439175264109808,14.686979594010602,2.9373959188021206,4.391752641098089,420,0,False,SL
BTC-USDT-SWAP,2026-05-24 23:00:00+00:00,2026-05-26 14:00:00+00:00,76759.6,77912.30800506705,76183.24599746648,77912.30800506705,183.89823886099546,2.0,13.418134282503784,2.683626856500757,0.0,2340,4,True,TP
BTC-USDT-SWAP,2026-06-08 00:00:00+00:00,2026-06-09 13:00:00+00:00,63308.0,62262.278581015256,62280.96286987622,65362.074260247566,-110.97435930645919,-1.0181924180859059,6.113229741065008,1.2226459482130017,1.8192418085905906,2220,4,False,SL
BTC-USDT-SWAP,2026-06-10 16:00:00+00:00,2026-06-10 17:00:00+00:00,62598.8,61710.80644991918,61729.32524749343,64337.749505013155,-112.83802188581625,-1.021298833026327,7.148546067125682,1.4297092134251366,2.1298833026327135,60,0,False,SL
BTC-USDT-SWAP,2026-06-11 13:00:00+00:00,2026-06-12 15:00:00+00:00,62966.5,64367.62848987919,62265.9357550604,64367.62848987919,189.09443671357866,2.0,9.087969405351119,1.817593881070224,0.0,1560,3,True,TP
BTC-USDT-SWAP,2026-06-12 16:00:00+00:00,2026-06-14 21:00:00+00:00,63564.2,64994.608086293956,62848.99595685302,64994.608086293956,189.21492606328505,2.0,8.987561613929119,1.7975123227858236,0.0,3180,6,True,TP
BTC-USDT-SWAP,2026-06-14 22:00:00+00:00,2026-06-15 11:00:00+00:00,65276.9,66303.57138465319,64763.564307673405,66303.57138465319,184.62053505904078,1.9999999999999858,12.816220784131504,2.563244156826301,0.0,780,1,True,TP
BTC-USDT-SWAP,2026-06-16 00:00:00+00:00,2026-06-16 02:00:00+00:00,66292.7,65716.6194092814,65736.3403113748,67405.41937725038,-121.3256636413712,-1.035446317367352,11.863666806583973,2.372733361316795,3.544631736735205,120,0,False,SL
BTC-USDT-SWAP,2026-06-16 07:00:00+00:00,2026-06-16 14:00:00+00:00,66400.2,65784.12297597059,65803.86413521114,67592.8717295777,-119.92047087571265,-1.0331040952023656,11.083043196032968,2.216608639206594,3.3104095202365493,420,0,False,SL
BTC-USDT-SWAP,2026-06-17 16:00:00+00:00,2026-06-17 18:00:00+00:00,65719.9,65043.286715475544,65062.80555714268,67034.08888571462,-117.88108188111303,-1.029704773612544,9.950105965503544,1.990021193100709,2.9704773612543933,120,0,False,SL
BTC-USDT-SWAP,2026-06-20 16:00:00+00:00,2026-06-21 21:00:00+00:00,64129.8,63569.39177862544,63588.46831912117,65212.46336175766,-121.20189896743453,-1.0352400222812836,11.79491209264818,2.3589824185296364,3.5240022281283614,1740,3,False,SL
BTC-USDT-SWAP,2026-06-22 02:00:00+00:00,2026-06-22 03:00:00+00:00,64570.1,63983.27927846601,64002.48002247275,65705.33995505449,-120.35402560774246,-1.0338267586887697,11.323894891657082,2.264778978331416,3.3826758688769782,60,0,False,SL
BTC-USDT-SWAP,2026-06-22 18:00:00+00:00,2026-06-22 22:00:00+00:00,64578.7,63914.21752312022,63933.39754238293,65869.30491523413,-117.89173242352824,-1.0297225262918404,9.956022637633474,1.991204527526695,2.9722526291840428,240,0,False,SL
BTC-USDT-SWAP,2026-06-29 18:00:00+00:00,2026-06-30 04:00:00+00:00,60388.7,59515.20040680648,59533.06032490395,62099.979350192094,-112.58265360672291,-1.020873176662204,7.006681895235097,1.4013363790470195,2.0873176662204003,600,1,False,SL
BTC-USDT-SWAP,2026-07-01 16:00:00+00:00,2026-07-02 13:00:00+00:00,60123.3,61651.18688090905,59359.35655954548,61651.18688090905,190.43585058010655,2.0,7.970124516577871,1.5940249033155742,0.0,1260,2,True,TP
BTC-USDT-SWAP,2026-07-03 01:00:00+00:00,2026-07-03 20:00:00+00:00,61273.8,62504.01308117679,60658.69345941161,62504.01308117679,187.92620742129247,2.0,10.06149381558962,2.012298763117924,0.0,1140,2,True,TP
BTC-USDT-SWAP,2026-07-04 07:00:00+00:00,2026-07-04 17:00:00+00:00,62472.9,63395.93608121292,62011.38195939354,63395.93608121292,183.63632729297245,2.0,13.636393922522954,2.7272787845045907,0.0,600,1,True,TP
BTC-USDT-SWAP,2026-07-05 01:00:00+00:00,2026-07-05 09:00:00+00:00,62962.8,62537.86858037688,62556.635571048195,63775.12885790362,-127.78046880718829,-1.0462054018854994,15.449490358407003,3.0898980716814006,4.620540188549942,480,1,False,SL
BTC-USDT-SWAP,2026-07-05 15:00:00+00:00,2026-07-05 22:00:00+00:00,62785.0,63532.790004269016,62411.10499786549,63532.790004269016,179.72942308137732,2.0,16.892147432185574,3.378429486437115,0.0,420,0,True,TP
BTC-USDT-SWAP,2026-07-05 23:00:00+00:00,2026-07-06 03:00:00+00:00,63705.1,63220.06108416188,63239.03279400008,64637.23441199984,-124.48112951480806,-1.0407059531199851,13.616615742342507,2.7233231484685017,4.070595311998525,240,0,False,SL
BTC-USDT-SWAP,2026-07-06 04:00:00+00:00,2026-07-06 09:00:00+00:00,63280.8,62764.75677392883,62783.59185148427,64275.21629703147,-122.78673217916052,-1.0378816751327773,12.675330960504217,2.5350661921008437,3.788167513277737,300,0,False,SL
BTC-USDT-SWAP,2026-07-06 16:00:00+00:00,2026-07-07 05:00:00+00:00,63519.9,62759.230158138766,62778.06357721193,65003.57284557615,-115.29101467071172,-1.0253875632075056,8.511251691008834,1.7022503382017669,2.5387563207505606,780,1,False,SL
BTC-USDT-SWAP,2026-07-09 07:00:00+00:00,2026-07-10 05:00:00+00:00,62926.2,64161.793932373635,62308.40303381318,64161.793932373635,187.6573048213439,2.0,10.285579315546748,2.0571158631093494,0.0,1320,2,True,TP
BTC-USDT-SWAP,2026-07-10 15:00:00+00:00,2026-07-13 02:00:00+00:00,63896.5,63293.98439124208,63312.97828472749,65063.54343054502,-119.58831601531645,-1.0325504484036967,10.898521945480912,2.1797043890961825,3.2550448403696777,3540,7,False,SL
BTC-USDT-SWAP,2026-07-14 13:00:00+00:00,2026-07-14 15:00:00+00:00,63940.2,65029.14751306579,63395.7262434671,65029.14751306579,185.78781666161646,2.0,11.843486115319617,2.368697223063924,0.0,120,0,True,TP
BTC-USDT-SWAP,2026-07-15 17:00:00+00:00,2026-07-16 00:00:00+00:00,65088.9,64460.048125405956,64479.39194298885,66307.91611402232,-119.10015834932562,-1.031736770925964,10.627336803444043,2.1254673606888086,3.1736770925963995,420,0,False,SL
BTC-USDT-SWAP,2026-07-16 06:00:00+00:00,2026-07-16 07:00:00+00:00,64886.3,64390.03290089071,64409.35570760298,65840.18858479404,-124.36582532124108,-1.0405137602447532,13.552561060242017,2.7105122120484033,4.051376024475325,60,0,False,SL
BTC-USDT-SWAP,2026-07-16 15:00:00+00:00,2026-07-16 17:00:00+00:00,64509.9,63957.80175314798,63976.99485160346,65575.71029679308,-121.6674239891044,-1.0360159749126618,12.05352417214336,2.410704834428672,3.601597491266188,120,0,False,SL
BTC-USDT-SWAP,2026-07-17 18:00:00+00:00,2026-07-20 15:00:00+00:00,64018.2,65189.175760021666,63432.71211998916,65189.175760021666,186.75900422489045,2.0,11.034163145924616,2.206832629184923,0.0,4140,8,True,TP
BTC-USDT-SWAP,2026-07-20 16:00:00+00:00,2026-07-23 13:00:00+00:00,65569.7,64868.10918422925,64887.57545686631,66933.94908626737,-117.180913949564,-1.028537710353641,9.561143232363163,1.9122286464726328,2.8537710353641033,4140,8,False,SL
BTC-USDT-SWAP,2026-07-24 04:00:00+00:00,2026-07-24 09:00:00+00:00,65418.5,64965.34687843244,64984.84233113178,66285.81533773644,-127.03081761050532,-1.0449558582700014,15.033038297087526,3.0066076594175053,4.495585827000134,300,0,False,SL
BTC-USDT-SWAP,2026-07-27 12:00:00+00:00,2026-07-27 14:00:00+00:00,65081.9,64727.02168194633,64746.44561563102,65752.80876873797,-134.79853769034142,-1.0579033531525477,19.348222549859894,3.869644509971979,5.790335315254764,120,0,False,SL
BTC-USDT-SWAP,2026-07-27 18:00:00+00:00,2026-07-27 22:00:00+00:00,64992.8,64465.75070657314,64485.09623544377,66008.20752911246,-122.92009559293302,-1.038103969718525,12.749418041023313,2.5498836082046625,3.810396971852515,240,0,False,SL
ETH-USDT-SWAP,2026-05-08 00:00:00+00:00,2026-05-08 02:00:00+00:00,2290.62,2275.3807523571427,2276.0635714285713,2319.732857142857,-128.20223775445405,-1.0469084204328032,15.68379472324452,3.136758944648904,4.6908420432803135,120,0,False,SL
ETH-USDT-SWAP,2026-05-08 11:00:00+00:00,2026-05-08 13:00:00+00:00,2286.9,2269.830209047336,2270.511362456073,2319.677275087854,-124.99503044058837,-1.0415625403216833,13.902101980209748,2.7804203960419493,4.156254032168337,120,0,False,SL
ETH-USDT-SWAP,2026-05-08 16:00:00+00:00,2026-05-09 17:00:00+00:00,2292.48,2332.54294516272,2272.44852741864,2332.54294516272,186.14673107118506,2.0,11.544390774012436,2.3088781548024873,0.0,1500,3,True,TP
ETH-USDT-SWAP,2026-05-09 18:00:00+00:00,2026-05-10 17:00:00+00:00,2328.73,2358.845955653052,2313.672022173474,2358.845955653052,181.32189058986873,2.0,15.5650911751094,3.11301823502188,0.0,1380,2,True,TP
ETH-USDT-SWAP,2026-05-10 23:00:00+00:00,2026-05-11 00:00:00+00:00,2373.46,2348.339364118411,2349.0440773416135,2422.291845316773,-117.37598092947157,-1.0288628545012326,9.669508357687516,1.933901671537503,2.8862854501232706,60,0,False,SL
ETH-USDT-SWAP,2026-05-11 01:00:00+00:00,2026-05-11 03:00:00+00:00,2351.99,2325.334915033222,2326.032724850677,2403.9045502986455,-116.18819602503427,-1.0268830150098858,9.009660852547608,1.8019321705095217,2.6883015009885765,120,0,False,SL
ETH-USDT-SWAP,2026-05-14 16:00:00+00:00,2026-05-15 01:00:00+00:00,2297.36,2272.2860399401347,2272.9679303192306,2346.144139361539,-116.83157040746168,-1.0279554128870612,9.367073191707885,1.873414638341577,2.795541288706108,540,1,False,SL
ETH-USDT-SWAP,2026-05-25 06:00:00+00:00,2026-05-26 00:00:00+00:00,2107.18,2085.286437045268,2085.9122107084804,2149.7155785830387,-117.71235899047598,-1.0294235406715222,9.856375713476302,1.9712751426952604,2.9423540671522157,1080,2,False,SL
ETH-USDT-SWAP,2026-05-26 11:00:00+00:00,2026-05-26 14:00:00+00:00,2126.7,2105.6914149245895,2106.323311918165,2167.4533761636694,-118.66460742212712,-1.0310107801148929,10.38537616595711,2.077075233191422,3.1010780114892893,180,0,False,SL
ETH-USDT-SWAP,2026-06-07 23:00:00+00:00,2026-06-09 14:00:00+00:00,1671.77,1636.3471879492179,1636.8382394210441,1741.6335211579117,-108.49362645125159,-1.0140574498304014,4.735113737642739,0.9470227475285478,1.4057449830401467,2340,4,False,SL
ETH-USDT-SWAP,2026-06-11 18:00:00+00:00,2026-06-12 01:00:00+00:00,1687.75,1658.6642547006318,1659.1620033016222,1744.9259933967555,-110.5056180973035,-1.017411104605966,5.8528309800919445,1.1705661960183888,1.7411104605965877,420,0,False,SL
ETH-USDT-SWAP,2026-06-12 02:00:00+00:00,2026-06-14 21:00:00+00:00,1666.35,1714.2895701248017,1642.380214937599,1714.2895701248017,191.537747473353,2.0,7.05187710553919,1.410375421107838,0.0,4020,8,True,TP
ETH-USDT-SWAP,2026-06-14 22:00:00+00:00,2026-06-15 11:00:00+00:00,1717.89,1752.7506963647245,1700.459651817638,1752.7506963647245,188.05311060896645,2.0,9.955741159194607,1.9911482318389215,0.0,780,1,True,TP
ETH-USDT-SWAP,2026-06-16 00:00:00+00:00,2026-06-16 02:00:00+00:00,1795.01,1768.1520132185321,1768.6826180039332,1847.6647639921337,-112.15125293966209,-1.02015410364313,6.76702684253005,1.35340536850601,2.0154103643130172,120,0,False,SL
ETH-USDT-SWAP,2026-06-16 09:00:00+00:00,2026-06-16 14:00:00+00:00,1802.23,1775.4375078407147,1775.9702989303937,1854.7494021392126,-112.23236576664722,-1.020289305208263,6.812087270828845,1.362417454165769,2.0289305208263064,300,0,False,SL
ETH-USDT-SWAP,2026-06-16 18:00:00+00:00,2026-06-17 08:00:00+00:00,1794.35,1763.9038648519634,1764.4331948104063,1854.183610379187,-110.67497754375202,-1.0176933985794416,5.946914856553078,1.1893829713106157,1.7693398579441608,840,1,False,SL
ETH-USDT-SWAP,2026-06-20 15:00:00+00:00,2026-06-21 21:00:00+00:00,1732.89,1714.2144427925882,1714.7288614510235,1769.2122770979533,-117.05344614928119,-1.0283252427730776,9.490331328888056,1.8980662657776113,2.8325242773077592,1800,3,False,SL
ETH-USDT-SWAP,2026-06-22 02:00:00+00:00,2026-06-22 22:00:00+00:00,1743.06,1721.883539890307,1722.4002599682974,1784.379480063405,-115.06507959509143,-1.0250109670885246,8.385738481155434,1.6771476962310867,2.5010967088524536,1200,2,False,SL
ETH-USDT-SWAP,2026-06-29 18:00:00+00:00,2026-06-30 00:00:00+00:00,1627.21,1597.9375505608355,1598.4170756835404,1684.7958486329194,-110.05156247395074,-1.0166542695502025,5.600590469925205,1.120118093985041,1.6654269550202494,360,0,False,SL
ETH-USDT-SWAP,2026-07-01 04:00:00+00:00,2026-07-01 06:00:00+00:00,1593.93,1572.5604638785935,1573.0323735906707,1635.7252528186589,-113.60783108464378,-1.0225819766720718,7.576196458524508,1.5152392917049016,2.2581976672071855,120,0,False,SL
ETH-USDT-SWAP,2026-07-01 14:00:00+00:00,2026-07-01 21:00:00+00:00,1596.48,1637.5656135898212,1575.9371932050894,1637.5656135898212,190.55422470976734,2.0,7.871479408527191,1.5742958817054382,0.0,420,0,True,TP
ETH-USDT-SWAP,2026-07-02 02:00:00+00:00,2026-07-02 12:00:00+00:00,1619.87,1669.0023011656622,1595.3038494171687,1669.0023011656622,191.96730731562593,2.0,6.693910570311733,1.3387821140623466,0.0,600,1,True,TP
ETH-USDT-SWAP,2026-07-05 00:00:00+00:00,2026-07-05 01:00:00+00:00,1780.0,1760.3974620731603,1760.9257397950987,1818.1485204098026,-116.67584423695395,-1.027695843312582,9.280562978697924,1.856112595739585,2.769584331258209,60,0,False,SL
ETH-USDT-SWAP,2026-07-05 15:00:00+00:00,2026-07-05 22:00:00+00:00,1771.68,1803.9691215925875,1755.5354392037063,1803.9691215925875,186.71137914480727,2.0,11.073850712660589,2.214770142532118,0.0,420,0,True,TP
ETH-USDT-SWAP,2026-07-05 23:00:00+00:00,2026-07-06 03:00:00+00:00,1789.14,1770.204792162594,1770.736012966484,1825.9479740670324,-117.37693292900799,-1.0288644413258123,9.670037219871281,1.9340074439742563,2.8864441325812273,240,0,False,SL
ETH-USDT-SWAP,2026-07-06 04:00:00+00:00,2026-07-06 09:00:00+00:00,1779.05,1758.576372439179,1759.10410367028,1818.94179265944,-115.93329391234211,-1.0264581356674647,8.868055649040981,1.773611129808196,2.6458135667464613,300,0,False,SL
ETH-USDT-SWAP,2026-07-06 16:00:00+00:00,2026-07-07 04:00:00+00:00,1787.78,1761.871783620366,1762.4005037714974,1838.5389924570052,-112.55829250407128,-1.0208325707638615,6.993148626082474,1.3986297252164948,2.0832570763861553,720,1,False,SL
ETH-USDT-SWAP,2026-07-10 15:00:00+00:00,2026-07-11 15:00:00+00:00,1784.11,1826.8048659707958,1762.762567014602,1826.8048659707958,189.85100962226028,2.0,8.457491981449776,1.6914983962899552,0.0,1440,3,True,TP
ETH-USDT-SWAP,2026-07-11 23:00:00+00:00,2026-07-12 00:00:00+00:00,1812.87,1797.8745660817792,1798.414090308872,1841.781819382256,-122.45099245346185,-1.0373220529610663,12.488818217707168,2.497763643541434,3.7322052961066254,60,0,False,SL
ETH-USDT-SWAP,2026-07-12 04:00:00+00:00,2026-07-12 06:00:00+00:00,1810.62,1793.0897752320823,1793.6278635911597,1844.6042728176803,-119.05824262103523,-1.0316669043921662,10.604051452168303,2.1208102904336608,3.166690439216633,120,0,False,SL
ETH-USDT-SWAP,2026-07-12 09:00:00+00:00,2026-07-13 00:00:00+00:00,1804.17,1835.9607208255766,1788.2746395872118,1835.9607208255766,186.25964825095633,2.0,11.45029312420306,2.2900586248406123,0.0,900,1,True,TP
ETH-USDT-SWAP,2026-07-16 02:00:00+00:00,2026-07-16 08:00:00+00:00,1921.85,1898.7842904147199,1899.3540966437129,1966.841806712574,-115.25608008658018,-1.0253293330776048,8.49184455921604,1.698368911843208,2.532933307760479,360,0,False,SL
ETH-USDT-SWAP,2026-07-19 13:00:00+00:00,2026-07-19 17:00:00+00:00,1869.73,1856.385306081075,1856.9423887977143,1895.3052224045714,-126.19593733291308,-1.0435642519800545,14.569239114085123,2.913847822817025,4.356425198005461,240,0,False,SL
ETH-USDT-SWAP,2026-07-19 18:00:00+00:00,2026-07-20 05:00:00+00:00,1866.23,1851.8367038442839,1852.392421570755,1893.90515685849,-124.15361540560522,-1.0401600416801722,13.43467255797568,2.6869345115951364,4.016004168017209,660,1,False,SL
ETH-USDT-SWAP,2026-07-20 11:00:00+00:00,2026-07-20 17:00:00+00:00,1867.99,1908.111985614635,1847.9290071926825,1908.111985614635,188.7061362658863,2.0,9.411553111761402,1.8823106223522803,0.0,360,0,True,TP
ETH-USDT-SWAP,2026-07-20 18:00:00+00:00,2026-07-23 17:00:00+00:00,1906.63,1880.2944242868741,1880.8586818914414,1958.1726362171175,-113.19556046524957,-1.0218947902544373,7.347168678635082,1.4694337357270164,2.1894790254437266,4260,8,False,SL
ETH-USDT-SWAP,2026-07-27 13:00:00+00:00,2026-07-27 14:00:00+00:00,1956.65,1938.1341897268096,1938.71580446815,1992.5183910637002,-119.51634791926412,-1.032430489581065,10.858541669209279,2.1717083338418557,3.2430489581065,60,0,False,SL
ETH-USDT-SWAP,2026-07-27 20:00:00+00:00,2026-07-27 22:00:00+00:00,1947.49,1922.9829982417305,1923.5600662616089,1995.3498674767823,-114.52749462955936,-1.024114902539518,8.087095101379816,1.6174190202759635,2.411490253951796,120,0,False,SL
ETH-USDT-SWAP,2026-07-28 16:00:00+00:00,2026-07-28 17:00:00+00:00,1918.88,1892.759900852505,1893.3278992222718,1969.9842015554568,-113.39608320200563,-1.0222290282394992,7.4585646284214615,1.4917129256842925,2.2229028239499304,60,0,False,SL
ETH-USDT-SWAP,2026-07-28 19:00:00+00:00,2026-07-29 04:00:00+00:00,1910.32,1883.0883476955005,1883.653443728619,1963.6531125427616,-112.77344191049582,-1.0211911889697238,7.112670097125876,1.4225340194251752,2.1191188969723886,540,1,False,SL
SOL-USDT-SWAP,2026-05-08 00:00:00+00:00,2026-05-08 02:00:00+00:00,88.4,87.57443407142858,87.60071428571429,89.99857142857144,-119.78580202144549,-1.0328796246648682,11.00823090705985,2.20164618141197,3.2879624664868268,120,0,False,SL
SOL-USDT-SWAP,2026-05-08 04:00:00+00:00,2026-05-08 17:00:00+00:00,88.17,89.84993150175522,87.33003424912239,89.84993150175522,187.2837721312501,2.0,10.596856557291595,2.119371311458319,0.0,780,1,True,TP
SOL-USDT-SWAP,2026-05-08 18:00:00+00:00,2026-05-09 04:00:00+00:00,91.63,93.81159881410736,90.53920059294632,93.81159881410736,189.7996864896546,2.0,8.500261258621192,1.7000522517242387,0.0,600,1,True,TP
SOL-USDT-SWAP,2026-05-09 16:00:00+00:00,2026-05-10 16:00:00+00:00,92.95,94.90503995520486,91.97248002239758,94.90503995520486,188.46949151365936,2.0,9.608757071950533,1.9217514143901067,0.0,1440,3,True,TP
SOL-USDT-SWAP,2026-05-10 21:00:00+00:00,2026-05-11 16:00:00+00:00,94.45,97.14552027533888,93.10223986233056,97.14552027533888,191.4704917475903,2.0,7.10792354367476,1.421584708734952,0.0,1140,2,True,TP
SOL-USDT-SWAP,2026-05-14 16:00:00+00:00,2026-05-15 01:00:00+00:00,93.09,91.84702488592548,91.8745872621041,95.52082547579181,-113.66506719160488,-1.0226773797239754,7.607992705674805,1.521598541134961,2.2677379723975513,540,1,False,SL
SOL-USDT-SWAP,2026-05-20 17:00:00+00:00,2026-05-21 13:00:00+00:00,86.42,85.31963980264715,85.34524337565983,88.56951324868034,-114.35217298629493,-1.0238226705775433,7.989699058988557,1.5979398117977115,2.382267057754326,1200,2,False,SL
SOL-USDT-SWAP,2026-05-21 19:00:00+00:00,2026-05-22 18:00:00+00:00,87.03,85.85789637644966,85.88366147489212,89.32267705021576,-113.54424817016285,-1.0224759945497237,7.540874383515097,1.5081748767030194,2.2475994549723604,1380,2,False,SL
SOL-USDT-SWAP,2026-05-24 14:00:00+00:00,2026-05-24 20:00:00+00:00,85.86,84.85674880139348,84.88221346543311,87.81557306913378,-115.68434130953032,-1.026043173166535,8.729755563519426,1.7459511127038851,2.6043173166535016,360,0,False,SL
SOL-USDT-SWAP,2026-05-25 05:00:00+00:00,2026-05-25 22:00:00+00:00,85.79,84.6752789722608,84.7006891790145,87.96862164197101,-114.05471954756277,-1.023326865265798,7.824455412002624,1.5648910824005249,2.3326865265798116,1020,2,False,SL
SOL-USDT-SWAP,2026-05-26 11:00:00+00:00,2026-05-26 15:00:00+00:00,85.52,84.61142469867006,84.63681574339307,87.28636851321384,-117.307933550864,-1.0287494308611855,9.631706148855747,1.9263412297711493,2.874943086118558,240,0,False,SL
SOL-USDT-SWAP,2026-06-08 01:00:00+00:00,2026-06-08 05:00:00+00:00,66.67,65.0477924377491,65.06731263153856,69.8753747369229,-107.36706767427248,-1.012179664090196,4.109279046861026,0.8218558093722051,1.2179664090196192,240,0,False,SL
SOL-USDT-SWAP,2026-06-09 00:00:00+00:00,2026-06-09 01:00:00+00:00,66.78,65.52407017960502,65.54373329959489,69.25253340081022,-109.60219037272518,-1.0159052411453195,5.350951786384382,1.0701903572768765,1.5905241145319553,60,0,False,SL
SOL-USDT-SWAP,2026-06-09 05:00:00+00:00,2026-06-09 13:00:00+00:00,66.97,65.64245232418334,65.66215096947418,69.58569806105163,-109.0962151746498,-1.0150618648108987,5.069868510391716,1.0139737020783433,1.506186481089869,480,1,False,SL
SOL-USDT-SWAP,2026-06-11 16:00:00+00:00,2026-06-12 14:00:00+00:00,65.51,67.78128033515794,64.37435983242104,67.78128033515794,192.9577369236956,2.0,5.868552563586968,1.1737105127173937,0.0,1320,2,True,TP
SOL-USDT-SWAP,2026-06-12 15:00:00+00:00,2026-06-12 19:00:00+00:00,67.88,66.85337297386211,66.87343500436342,69.89312999127316,-112.01751355464444,-1.0199311823759774,6.6927308995408135,1.3385461799081626,1.9931182375977325,240,0,False,SL
SOL-USDT-SWAP,2026-06-13 01:00:00+00:00,2026-06-13 21:00:00+00:00,66.95,68.84477388910075,66.00261305544963,68.84477388910075,191.39983247582865,2.0,7.16680627014279,1.433361254028558,0.0,1200,2,True,TP
SOL-USDT-SWAP,2026-06-14 10:00:00+00:00,2026-06-14 12:00:00+00:00,68.44,67.72157834357068,67.74190091384483,69.83619817231033,-117.52503190173807,-1.0291112976326533,9.752310312672853,1.9504620625345708,2.911129763265322,120,0,False,SL
SOL-USDT-SWAP,2026-06-14 22:00:00+00:00,2026-06-15 10:00:00+00:00,70.11,71.97758767178964,69.17620616410518,71.97758767178964,190.87030248798123,2.0,7.608081260015638,1.5216162520031276,0.0,720,1,True,TP
SOL-USDT-SWAP,2026-06-16 04:00:00+00:00,2026-06-16 14:00:00+00:00,73.7,72.47807606350395,72.49982601130733,76.10034797738534,-110.93231002179907,-1.0181223289358885,6.089870195517799,1.2179740391035598,1.8122328935888443,600,1,False,SL
SOL-USDT-SWAP,2026-06-16 19:00:00+00:00,2026-06-17 08:00:00+00:00,73.97,72.70230318564835,72.72412042177487,76.46175915645026,-110.5658569628347,-1.017511512755995,5.886295343029729,1.1772590686059456,1.7511512755995151,780,1,False,SL
SOL-USDT-SWAP,2026-06-20 14:00:00+00:00,2026-06-20 22:00:00+00:00,71.15,73.1642531854915,70.14287340725426,73.1642531854915,191.40241628659345,2.0,7.164653094505466,1.432930618901093,0.0,480,1,True,TP
SOL-USDT-SWAP,2026-06-21 13:00:00+00:00,2026-06-21 21:00:00+00:00,73.61,72.60376764685266,72.6255553134467,75.5788893731066,-113.33783355933379,-1.0221319357924707,7.42620533403305,1.48524106680661,2.213193579247069,480,1,False,SL
SOL-USDT-SWAP,2026-06-22 02:00:00+00:00,2026-06-22 15:00:00+00:00,74.33,73.09654712437091,73.11848266917167,76.75303466165666,-110.92242054727015,-1.018105844829935,6.084376317735942,1.2168752635471884,1.8105844829935016,780,1,False,SL
SOL-USDT-SWAP,2026-06-26 16:00:00+00:00,2026-06-28 22:00:00+00:00,72.01,70.01104426939908,70.03205388556475,75.96589222887052,-106.43252401895225,-1.0106219355584767,3.590114089380768,0.7180228178761536,1.0621935558476752,3240,6,False,SL
SOL-USDT-SWAP,2026-06-29 02:00:00+00:00,2026-06-29 12:00:00+00:00,71.45,74.14200435806374,70.10399782096813,74.14200435806374,193.51002517115765,2.0,5.408312357368644,1.0816624714737288,0.0,600,1,True,TP
SOL-USDT-SWAP,2026-06-30 01:00:00+00:00,2026-06-30 12:00:00+00:00,74.38,72.78891571669656,72.81075894437987,77.51848211124025,-108.41093242646974,-1.0139196126720464,4.689174910050356,0.9378349820100713,1.3919612672046549,660,1,False,SL
SOL-USDT-SWAP,2026-07-03 04:00:00+00:00,2026-07-04 04:00:00+00:00,80.68,83.25330600353175,79.39334699823414,83.25330600353175,192.35536049990753,2.0,6.3705329167437155,1.2741065833487433,0.0,1440,3,True,TP
SOL-USDT-SWAP,2026-07-04 08:00:00+00:00,2026-07-04 10:00:00+00:00,82.67,81.51580245603431,81.54026453539493,84.92947092921015,-113.05045692678105,-1.0216529268373182,7.266559632764518,1.4533119265529038,2.165292683731819,120,0,False,SL
SOL-USDT-SWAP,2026-07-04 16:00:00+00:00,2026-07-05 00:00:00+00:00,82.19,81.16494371617902,81.18930050633092,84.19139898733815,-114.66239839849726,-1.0243397646406258,8.162037891976768,1.6324075783953536,2.433976464062574,480,1,False,SL
SOL-USDT-SWAP,2026-07-05 14:00:00+00:00,2026-07-06 05:00:00+00:00,81.19,80.28229217917445,80.30638409440276,82.95723181119448,-116.41745070965825,-1.0272651443638596,9.137018197405286,1.8274036394810573,2.7265144363859566,900,1,False,SL
SOL-USDT-SWAP,2026-07-10 03:00:00+00:00,2026-07-10 14:00:00+00:00,79.0,78.05291747114188,78.07634037325386,80.84731925349229,-115.27376001088415,-1.0253588025650622,8.50166624822641,1.7003332496452823,2.535880256506221,660,1,False,SL
SOL-USDT-SWAP,2026-07-14 13:00:00+00:00,2026-07-15 06:00:00+00:00,76.83,78.64616156638677,75.92191921680661,78.64616156638677,189.72715878737344,2.0,8.56070101052214,1.712140202104428,0.0,1020,2,True,TP
SOL-USDT-SWAP,2026-07-15 09:00:00+00:00,2026-07-16 00:00:00+00:00,77.53,76.61751979664842,76.64051195023349,79.30897609953303,-115.56769864243456,-1.0258487492789816,8.664957322198516,1.7329914644397033,2.584874927898173,900,1,False,SL
SOL-USDT-SWAP,2026-07-19 13:00:00+00:00,2026-07-19 18:00:00+00:00,76.0,75.4074930357658,75.4301220723875,77.13975585522499,-123.88275847690373,-1.0397085683183291,13.284204011031608,2.6568408022063217,3.9708568318329087,300,0,False,SL
SOL-USDT-SWAP,2026-07-19 21:00:00+00:00,2026-07-20 01:00:00+00:00,76.1,77.33649977070073,75.48175011464963,77.33649977070073,185.10927344365808,2.0,12.408938796951603,2.4817877593903206,0.0,240,0,True,TP
SOL-USDT-SWAP,2026-07-20 02:00:00+00:00,2026-07-20 06:00:00+00:00,76.33,75.47496124615675,75.49761052931555,77.99477894136889,-116.3843426507005,-1.0272099587470456,9.118625751076143,1.8237251502152285,2.720995874704568,240,0,False,SL
SOL-USDT-SWAP,2026-07-20 08:00:00+00:00,2026-07-20 18:00:00+00:00,76.17,77.97172235144502,75.26913882427749,77.97172235144502,189.7337085998082,2.0,8.555242833493178,1.7110485666986355,0.0,600,1,True,TP
SOL-USDT-SWAP,2026-07-21 16:00:00+00:00,2026-07-22 05:00:00+00:00,78.1,77.3204953945292,77.34369850408042,79.61260299183914,-118.46598441132873,-1.0306797086564086,10.275035566705865,2.055007113341173,3.067970865640849,780,1,False,SL
SOL-USDT-SWAP,2026-07-26 16:00:00+00:00,2026-07-26 22:00:00+00:00,75.45,76.36579369304972,74.99210315347514,76.36579369304972,180.10698765297474,2.0,16.577510289187714,3.315502057837543,0.0,360,0,True,TP
LINK-USDT-SWAP,2026-06-07 21:00:00+00:00,2026-06-07 22:00:00+00:00,7.676,7.971101108553464,7.528449445723268,7.971101108553464,193.63725828672636,2.0,5.3022847610613635,1.0604569522122727,0.0,60,0,True,TP
LINK-USDT-SWAP,2026-06-07 23:00:00+00:00,2026-06-09 16:00:00+00:00,7.846,7.670509158369052,7.672811001669553,8.192377996660895,-108.03376209236767,-1.0132909325805366,4.479646313550273,0.8959292627100546,1.3290932580536652,2460,5,False,SL
LINK-USDT-SWAP,2026-06-13 17:00:00+00:00,2026-06-14 04:00:00+00:00,7.988,7.903421601320154,7.905793339321951,8.1524133213561,-117.3688224854486,-1.0288509225680054,9.66553164320628,1.9331063286412562,2.885092256800527,660,1,False,SL
LINK-USDT-SWAP,2026-06-14 22:00:00+00:00,2026-06-15 10:00:00+00:00,8.066,8.26365655573272,7.967171722133641,8.26365655573272,190.08604202666697,2.0,8.261631644444169,1.652326328888834,0.0,720,1,True,TP
LINK-USDT-SWAP,2026-06-16 08:00:00+00:00,2026-06-16 14:00:00+00:00,8.279,8.158892307834055,8.16134071004707,8.514318579905861,-112.5443046755028,-1.0208092553847106,6.985377998800599,1.3970755997601199,2.080925538471046,360,0,False,SL
LINK-USDT-SWAP,2026-06-16 19:00:00+00:00,2026-06-17 08:00:00+00:00,8.3,8.157950433004201,8.160398552569971,8.57920289486006,-110.58084257954836,-1.0175364912817038,5.894620269339672,1.1789240538679344,1.7536491281703863,780,1,False,SL
LINK-USDT-SWAP,2026-07-01 05:00:00+00:00,2026-07-01 06:00:00+00:00,7.312,7.211709816729535,7.213873978923211,7.508252042153578,-113.2916326722193,-1.0220549266130254,7.4005394580118296,1.4801078916023658,2.2054926613025434,60,0,False,SL
LINK-USDT-SWAP,2026-07-01 14:00:00+00:00,2026-07-01 21:00:00+00:00,7.305,7.494072208292938,7.210463895853531,7.494072208292938,190.60735218026497,2.0,7.827206516445866,1.5654413032891732,0.0,420,0,True,TP
LINK-USDT-SWAP,2026-07-02 01:00:00+00:00,2026-07-02 09:00:00+00:00,7.34,7.552658371926302,7.233670814036849,7.552658371926302,191.59629132658605,2.0,7.003090561178287,1.4006181122356576,0.0,480,1,True,TP
LINK-USDT-SWAP,2026-07-04 07:00:00+00:00,2026-07-04 15:00:00+00:00,7.902,8.074810950989974,7.815594524505013,8.074810950989974,188.90569548320926,1.9999999999999898,9.245253763991393,1.8490507527982785,0.0,480,1,True,TP
LINK-USDT-SWAP,2026-07-05 00:00:00+00:00,2026-07-05 01:00:00+00:00,8.001,7.912843058380126,7.9152176236672265,8.172564752665545,-116.66710228889573,-1.0276812719420219,9.275706583742819,1.8551413167485638,2.768127194202175,60,0,False,SL
LINK-USDT-SWAP,2026-07-05 14:00:00+00:00,2026-07-05 22:00:00+00:00,7.935,8.093923648108522,7.855538175945739,8.093923648108522,187.89688721177984,2.000000000000011,10.085927323517735,2.017185464703547,0.0,480,1,True,TP
LINK-USDT-SWAP,2026-07-09 19:00:00+00:00,2026-07-10 08:00:00+00:00,7.776,7.961704012991081,7.683147993504459,7.961704012991081,189.83045949766512,2.0,8.474617085279087,1.6949234170558176,0.0,780,1,True,TP
LINK-USDT-SWAP,2026-07-10 15:00:00+00:00,2026-07-11 14:00:00+00:00,7.892,8.08163212408384,7.797183937958081,8.08163212408384,189.8918188880148,2.0000000000000093,8.423484259988443,1.6846968519976888,0.0,1380,2,True,TP
LINK-USDT-SWAP,2026-07-12 04:00:00+00:00,2026-07-12 06:00:00+00:00,8.034,7.956044180768502,7.9584317102815865,8.18513657943683,-119.01470257984276,-1.031594330399446,10.579863749961314,2.115972749992263,3.15943303994459,120,0,False,SL
LINK-USDT-SWAP,2026-07-12 09:00:00+00:00,2026-07-13 03:00:00+00:00,8.016,7.937217308835938,7.939599188592515,8.16880162281497,-118.76379273251047,-1.0311761054980655,10.440476360747814,2.088095272149563,3.1176105498065527,1080,2,False,SL
LINK-USDT-SWAP,2026-07-16 02:00:00+00:00,2026-07-16 08:00:00+00:00,8.512,8.400649896053853,8.403170847308045,8.72965830538391,-113.9571907621219,-1.0231643010336395,7.770275462828293,1.5540550925656587,2.316430103363964,360,0,False,SL
LINK-USDT-SWAP,2026-07-18 02:00:00+00:00,2026-07-20 00:00:00+00:00,8.253,8.426651290540388,8.166174354729806,8.426651290540388,188.47369260178732,2.0,9.605256165177213,1.9210512330354426,0.0,2760,5,True,TP
LINK-USDT-SWAP,2026-07-20 01:00:00+00:00,2026-07-20 05:00:00+00:00,8.406,8.325769790612156,8.328268271093485,8.561463457813032,-119.34348180407471,-1.032142350575187,10.76250974086444,2.152501948172888,3.21423505751869,240,0,False,SL
LINK-USDT-SWAP,2026-07-20 10:00:00+00:00,2026-07-20 18:00:00+00:00,8.399,8.599918121062982,8.298540939468507,8.599918121062982,189.8472563662483,2.0,8.460619694793085,1.692123938958617,0.0,480,1,True,TP
LINK-USDT-SWAP,2026-07-21 16:00:00+00:00,2026-07-21 17:00:00+00:00,8.686,8.592254058020059,8.59483250777239,8.86833498445522,-117.02783696267217,-1.0282825565267686,9.476104714432033,1.8952209428864066,2.828255652676862,60,0,False,SL
LINK-USDT-SWAP,2026-07-22 00:00:00+00:00,2026-07-22 07:00:00+00:00,8.656,8.57704301985217,8.579616904923647,8.808766190152708,-120.27620894307097,-1.0336970512769152,11.280665573073296,2.2561331146146593,3.369705127691514,420,0,False,SL
LINK-USDT-SWAP,2026-07-24 08:00:00+00:00,2026-07-24 10:00:00+00:00,8.556,8.468210199196152,8.470751424623538,8.726497150752921,-117.94396786894987,-1.0298095940743155,9.985040878405623,1.9970081756811249,2.980959407431552,120,0,False,SL
LINK-USDT-SWAP,2026-07-26 07:00:00+00:00,2026-07-26 15:00:00+00:00,8.441,8.543692979655228,8.389653510172387,8.543692979655228,180.15284818493552,2.0,16.53929317922041,3.3078586358440822,0.0,480,1,True,TP
LINK-USDT-SWAP,2026-07-27 13:00:00+00:00,2026-07-27 14:00:00+00:00,8.751,8.658747225956208,8.661345629645101,8.930308740709796,-117.44773361458871,-1.0289824542697366,9.709368967201183,1.9418737934402366,2.8982454269736517,60,0,False,SL
XRP-USDT-SWAP,2026-06-04 19:00:00+00:00,2026-06-05 02:00:00+00:00,1.179,1.1479274010585248,1.1482718826233118,1.2404562347533765,-106.78570556291581,-1.0112106303345612,3.786316246669637,0.7572632493339274,1.1210630334561194,420,0,False,SL
XRP-USDT-SWAP,2026-06-07 15:00:00+00:00,2026-06-08 15:00:00+00:00,1.133,1.1799628776686948,1.1095185611656526,1.1799628776686948,194.08989484677045,2.0,4.925087627691317,0.9850175255382634,0.0,1440,3,True,TP
XRP-USDT-SWAP,2026-06-09 05:00:00+00:00,2026-06-09 14:00:00+00:00,1.166,1.1440503588678024,1.1443936769708936,1.2092126460582127,-109.5928697294348,-1.0158897051862408,5.345773910155562,1.0691547820311125,1.5889705186240712,540,1,False,SL
XRP-USDT-SWAP,2026-06-11 20:00:00+00:00,2026-06-14 23:00:00+00:00,1.143,1.1833011797853883,1.1228494101073059,1.1833011797853883,193.0732513772349,2.0,5.77229051897091,1.1544581037941821,0.0,4500,9,True,TP
XRP-USDT-SWAP,2026-06-15 00:00:00+00:00,2026-06-15 11:00:00+00:00,1.184,1.2151915861354172,1.1684042069322913,1.2151915861354172,190.76985091151414,2.0,7.69179090707155,1.5383581814143101,0.0,660,1,True,TP
XRP-USDT-SWAP,2026-06-16 00:00:00+00:00,2026-06-16 02:00:00+00:00,1.238,1.2133637829159831,1.213727901286369,1.2865441974272618,-109.06001181219062,-1.01500151983897,5.049756536997208,1.0099513073994417,1.500151983896985,120,0,False,SL
XRP-USDT-SWAP,2026-06-16 07:00:00+00:00,2026-06-16 14:00:00+00:00,1.234,1.21257699611998,1.212940878383495,1.27611824323301,-110.42641172166059,-1.0172790807775114,5.808829638465267,1.1617659276930534,1.727908077751132,420,0,False,SL
XRP-USDT-SWAP,2026-07-02 22:00:00+00:00,2026-07-03 10:00:00+00:00,1.0809,1.1084529161421675,1.0671235419289162,1.1084529161421675,190.46480784170117,2.0,7.945993465249009,1.5891986930498017,0.0,720,1,True,TP
XRP-USDT-SWAP,2026-07-05 00:00:00+00:00,2026-07-05 02:00:00+00:00,1.1567,1.1403183761420013,1.1406605743142955,1.1887788513714093,-112.85960863369269,-1.0213348145376042,7.16053810514318,1.432107621028636,2.1334814537604325,120,0,False,SL
XRP-USDT-SWAP,2026-07-05 22:00:00+00:00,2026-07-05 23:00:00+00:00,1.1438,1.1664726522652826,1.1324636738673586,1.1664726522652826,187.77237373783817,2.0,10.189688551801535,2.037937710360307,0.0,60,0,True,TP
XRP-USDT-SWAP,2026-07-06 00:00:00+00:00,2026-07-06 03:00:00+00:00,1.1567,1.1430695317618293,1.1434125555284878,1.1832748889430247,-115.54782980883283,-1.0258156312445053,8.653919633276484,1.730783926655297,2.5815631244505215,180,0,False,SL
XRP-USDT-SWAP,2026-07-06 04:00:00+00:00,2026-07-06 12:00:00+00:00,1.1469,1.13283629266073,1.1331762455343903,1.1743475089312194,-114.92119032039268,-1.024771127646751,8.305803992535399,1.6611607985070798,2.477112764675105,480,1,False,SL
XRP-USDT-SWAP,2026-07-14 15:00:00+00:00,2026-07-15 13:00:00+00:00,1.1025,1.1264917905823686,1.0905041047088158,1.1264917905823686,188.85122750836055,2.0,9.29064374303285,1.85812874860657,0.0,1320,2,True,TP
XRP-USDT-SWAP,2026-07-15 17:00:00+00:00,2026-07-16 08:00:00+00:00,1.1133,1.10012974521937,1.100459883184325,1.1389802336313497,-115.48532467099268,-1.025711445596208,8.619196293125908,1.7238392586251816,2.571144559620796,900,1,False,SL
XRP-USDT-SWAP,2026-07-19 11:00:00+00:00,2026-07-19 12:00:00+00:00,1.0972,1.0904232930610587,1.0907505182165236,1.1100989635669527,-130.49895096697503,-1.050736658610814,16.95968270401017,3.391936540802034,5.07366586108141,60,0,False,SL
XRP-USDT-SWAP,2026-07-19 13:00:00+00:00,2026-07-19 17:00:00+00:00,1.0949,1.0880290422057086,1.0883555488703698,1.1079889022592604,-129.9913730848909,-1.0498906108692438,16.677709092535128,3.3355418185070262,4.989061086924383,240,0,False,SL
XRP-USDT-SWAP,2026-07-19 21:00:00+00:00,2026-07-20 05:00:00+00:00,1.0964,1.0892405746145222,1.0895674448479766,1.1100651103040469,-128.76119940423268,-1.0478401163520292,15.994313444855695,3.1988626889711393,4.784011635202928,480,1,False,SL
XRP-USDT-SWAP,2026-07-20 18:00:00+00:00,2026-07-21 12:00:00+00:00,1.1148,1.1391904464913816,1.1026047767543092,1.1391904464913816,188.9104591146152,2.0,9.241284071153991,1.8482568142307985,0.0,1080,2,True,TP
XRP-USDT-SWAP,2026-07-21 23:00:00+00:00,2026-07-22 06:00:00+00:00,1.1417,1.1287963218344228,1.1291350623531287,1.1668298752937425,-116.23389536692439,-1.0269591881970228,9.035048106266514,1.8070096212533027,2.695918819702284,420,0,False,SL
XRP-USDT-SWAP,2026-07-22 11:00:00+00:00,2026-07-23 12:00:00+00:00,1.1382,1.1280780856602703,1.1284166106434634,1.1577667787130734,-120.81913275199933,-1.0346020147881478,11.582274828641475,2.3164549657282953,3.4602014788147777,1500,3,False,SL
XRP-USDT-SWAP,2026-07-26 23:00:00+00:00,2026-07-27 01:00:00+00:00,1.1121,1.1057015259118135,1.1060333359125871,1.124233328174826,-132.8731060160745,-1.054693979424719,18.278591775942232,3.655718355188446,5.469397942471908,120,0,False,SL
XRP-USDT-SWAP,2026-07-27 02:00:00+00:00,2026-07-27 12:00:00+00:00,1.1075,1.1002763555751653,1.1006065375364262,1.1212869249271473,-128.79583005428887,-1.0478978398744652,16.013551732829875,3.2027103465659748,4.789783987446518,600,1,False,SL
XRP-USDT-SWAP,2026-07-27 14:00:00+00:00,2026-07-27 15:00:00+00:00,1.1071,1.0988019140515786,1.0991316535476428,1.1230366929047144,-124.88621889642731,-1.0413811696109976,13.84165414518982,2.768330829037964,4.138116961099761,60,0,False,SL
DOGE-USDT-SWAP,2026-06-04 16:00:00+00:00,2026-06-04 21:00:00+00:00,0.08949,0.08717848146428571,0.08720464285714286,0.09406071428571429,-106.92775197468384,-1.011447398030944,3.8652269737458953,0.7730453947491791,1.1447398030943858,300,0,False,SL
DOGE-USDT-SWAP,2026-06-07 23:00:00+00:00,2026-06-09 16:00:00+00:00,0.08549,0.08371294716472162,0.08373806858529721,0.08899386282940557,-108.6627026706843,-1.0143392717116457,4.829040273629289,0.9658080547258578,1.4339271711645771,2460,5,False,SL
DOGE-USDT-SWAP,2026-06-10 16:00:00+00:00,2026-06-10 17:00:00+00:00,0.08509,0.08367270880305493,0.08369781814849947,0.08787436370300106,-110.88049783206516,-1.0180359666501038,6.061087085036994,1.2122174170073987,1.8035966650103834,60,0,False,SL
DOGE-USDT-SWAP,2026-06-11 13:00:00+00:00,2026-06-12 04:00:00+00:00,0.08473,0.08706851928327639,0.0835607403583618,0.08706851928327639,191.18424104456847,2.0,7.346465796192958,1.4692931592385916,0.0,900,1,True,TP
DOGE-USDT-SWAP,2026-06-12 08:00:00+00:00,2026-06-12 14:00:00+00:00,0.08589,0.08826685562914127,0.08470157218542936,0.08826685562914127,191.20736555503484,2.0,7.327195370804305,1.465439074160861,0.0,360,0,True,TP
DOGE-USDT-SWAP,2026-06-13 08:00:00+00:00,2026-06-14 14:00:00+00:00,0.087,0.08563547063509006,0.08566116898578578,0.08967766202842842,-111.57561948648672,-1.0191946186060008,6.447246471072133,1.2894492942144267,1.9194618606000786,1800,3,False,SL
DOGE-USDT-SWAP,2026-06-14 22:00:00+00:00,2026-06-15 13:00:00+00:00,0.08851,0.09052246832425342,0.0875037658378733,0.09052246832425342,189.324604049666,2.0,8.896163291945005,1.7792326583890008,0.0,900,1,True,TP
DOGE-USDT-SWAP,2026-06-16 09:00:00+00:00,2026-06-16 13:00:00+00:00,0.08878,0.08760756090029938,0.08763385105561607,0.09107229788876786,-113.82131423230555,-1.0229378175022614,7.694792276544376,1.5389584553088753,2.293781750226153,240,0,False,SL
DOGE-USDT-SWAP,2026-06-17 18:00:00+00:00,2026-06-17 19:00:00+00:00,0.08755,0.0864261092221618,0.08645204483561249,0.08974591032877503,-114.23162780256435,-1.0236217418451252,7.922732861282768,1.5845465722565537,2.3621741845125164,60,0,False,SL
DOGE-USDT-SWAP,2026-07-01 16:00:00+00:00,2026-07-01 23:00:00+00:00,0.07333,0.07220267693379093,0.07222434423706205,0.07554131152587593,-111.81689790639159,-1.0195967895229388,6.581283334836515,1.316256666967303,1.9596789522938822,420,0,False,SL
DOGE-USDT-SWAP,2026-07-02 23:00:00+00:00,2026-07-03 11:00:00+00:00,0.07394,0.07586997113665814,0.07297501443167094,0.07586997113665814,190.6852510926523,2.0,7.762290756123102,1.5524581512246205,0.0,720,1,True,TP
DOGE-USDT-SWAP,2026-07-04 03:00:00+00:00,2026-07-04 17:00:00+00:00,0.07697,0.07898187368670419,0.0759640631566479,0.07898187368670419,190.6981114340922,2.0,7.751573804923174,1.5503147609846348,0.0,840,1,True,TP
DOGE-USDT-SWAP,2026-07-04 23:00:00+00:00,2026-07-05 01:00:00+00:00,0.0779,0.07688772889447064,0.07691080213511117,0.07987839572977765,-114.05372206635062,-1.0233252026308477,7.823901283484227,1.5647802566968454,2.3325202630847697,120,0,False,SL
DOGE-USDT-SWAP,2026-07-05 14:00:00+00:00,2026-07-05 22:00:00+00:00,0.07657,0.0783411869645507,0.07568440651772465,0.0783411869645507,189.50458488697058,2.0,8.746179260857845,1.7492358521715692,0.0,480,1,True,TP
DOGE-USDT-SWAP,2026-07-05 23:00:00+00:00,2026-07-06 00:00:00+00:00,0.07834,0.07727298176709689,0.07729617061828237,0.08042765876343529,-113.38777140007859,-1.0222151738508443,7.453947191591455,1.490789438318291,2.221517385084426,60,0,False,SL
DOGE-USDT-SWAP,2026-07-06 01:00:00+00:00,2026-07-06 05:00:00+00:00,0.07809,0.07693850761550701,0.07696159609433531,0.0803468078113294,-112.33548213783543,-1.0204611830146941,6.869371279080522,1.3738742558161046,2.046118301469404,240,0,False,SL
DOGE-USDT-SWAP,2026-07-10 16:00:00+00:00,2026-07-11 23:00:00+00:00,0.074,0.07317070062160085,0.07319265841912657,0.07561468316174684,-116.37696094896768,-1.0271976546804067,9.114525010738598,1.8229050021477198,2.719765468040676,1860,3,False,SL
DOGE-USDT-SWAP,2026-07-14 15:00:00+00:00,2026-07-15 02:00:00+00:00,0.0745,0.07363030780098113,0.07365240352203774,0.07619519295592452,-115.69964366932162,-1.0260686796501612,8.73825644940781,1.7476512898815622,2.606867965016122,660,1,False,SL
DOGE-USDT-SWAP,2026-07-15 03:00:00+00:00,2026-07-16 08:00:00+00:00,0.07371,0.07287942163328993,0.0729012920208962,0.0753274159582076,-116.28454665903446,-1.0270436154599294,9.063186305873835,1.812637261174767,2.70436154599293,1740,3,False,SL
DOGE-USDT-SWAP,2026-07-20 12:00:00+00:00,2026-07-20 13:00:00+00:00,0.07286,0.07207432505990748,0.0720959538460613,0.0743880923078774,-117.0432331440057,-1.0283082193952824,9.484657720791025,1.896931544158205,2.830821939528233,60,0,False,SL
DOGE-USDT-SWAP,2026-07-26 22:00:00+00:00,2026-07-27 14:00:00+00:00,0.07276,0.07200155388432773,0.07202316083257751,0.074233678334845,-117.65254000885254,-1.029323832397998,9.823144607710777,1.9646289215421555,2.9323832397998086,960,2,False,SL
LTC-USDT-SWAP,2026-06-13 18:00:00+00:00,2026-06-14 00:00:00+00:00,43.59,44.43391331701409,43.16804334149296,44.43391331701409,187.48346615098455,2.0,10.430444874179534,2.086088974835907,0.0,360,0,True,TP
LTC-USDT-SWAP,2026-06-14 06:00:00+00:00,2026-06-14 14:00:00+00:00,44.12,43.69733987273185,43.71045300863444,44.939093982731116,-119.26926027845487,-1.0320186356609835,10.72127762188181,2.144255524376362,3.2018635660983468,480,1,False,SL
LTC-USDT-SWAP,2026-06-14 17:00:00+00:00,2026-06-14 21:00:00+00:00,44.02,44.778390768451935,43.64080461577404,44.778390768451935,185.94945068494772,2.0,11.708791095876867,2.3417582191753734,0.0,240,0,True,TP
LTC-USDT-SWAP,2026-06-14 22:00:00+00:00,2026-06-15 10:00:00+00:00,44.83,45.67076306299239,44.4096184685038,45.67076306299239,187.08305342422335,2.0,10.764122146480533,2.1528244292961065,0.0,720,1,True,TP
LTC-USDT-SWAP,2026-06-15 11:00:00+00:00,2026-06-16 13:00:00+00:00,45.64,45.06801094710575,45.08153540772806,46.75692918454388,-114.58887975000184,-1.0242172213054617,8.121196240757943,1.6242392481515886,2.4217221305461627,1560,3,False,SL
LTC-USDT-SWAP,2026-06-19 16:00:00+00:00,2026-06-19 19:00:00+00:00,44.41,43.91264026927795,43.925818014682356,45.37836397063528,-116.38827494135744,-1.0272165132202522,9.120810247755832,1.8241620495511663,2.7216513220252225,180,0,False,SL
LTC-USDT-SWAP,2026-06-21 21:00:00+00:00,2026-06-21 23:00:00+00:00,45.03,44.54084802266363,44.554214286949716,45.98157142610057,-116.9141349095661,-1.028093034152691,9.412940065856594,1.8825880131713189,2.8093034152691008,120,0,False,SL
LTC-USDT-SWAP,2026-06-22 02:00:00+00:00,2026-06-22 19:00:00+00:00,45.17,44.59010663785243,44.60348768415768,46.30302463168465,-114.23060970410508,-1.0236200448446608,7.922167279310757,1.5844334558621513,2.362004484466089,1020,2,False,SL
LTC-USDT-SWAP,2026-06-28 07:00:00+00:00,2026-06-28 11:00:00+00:00,42.34,43.27339930421731,41.87330034789135,43.27339930421731,188.99334093127382,2.0,9.17221589060514,1.834443178121028,0.0,240,0,True,TP
LTC-USDT-SWAP,2026-06-28 17:00:00+00:00,2026-06-28 19:00:00+00:00,42.85,42.32648563764328,42.33918739386144,43.87162521227713,-114.97797879290094,-1.0248657845666223,8.337351566313737,1.6674703132627475,2.4865784566622207,120,0,False,SL
LTC-USDT-SWAP,2026-07-01 03:00:00+00:00,2026-07-01 08:00:00+00:00,42.59,42.03869951004447,42.05131490451582,43.66737019096837,-114.10991491799419,-1.0234188667499973,7.855117973328938,1.5710235946657878,2.3418866749997234,300,0,False,SL
LTC-USDT-SWAP,2026-07-01 16:00:00+00:00,2026-07-02 13:00:00+00:00,42.48,43.769507847883595,41.8352460760582,43.769507847883595,191.97372783831221,2.0,6.688560134739807,1.3377120269479614,0.0,1260,2,True,TP
LTC-USDT-SWAP,2026-07-03 12:00:00+00:00,2026-07-03 20:00:00+00:00,43.62,44.51283424129621,43.17358287935189,44.51283424129621,188.1546432475513,2.0,9.871130627040607,1.9742261254081217,0.0,480,1,True,TP
LTC-USDT-SWAP,2026-07-04 02:00:00+00:00,2026-07-04 17:00:00+00:00,44.22,45.38554418419842,43.63722790790079,45.38554418419842,190.77455368240828,2.0,7.687871931326443,1.5375743862652886,0.0,900,1,True,TP
LTC-USDT-SWAP,2026-07-05 00:00:00+00:00,2026-07-05 01:00:00+00:00,44.82,44.285246899164015,44.29853646010204,45.86292707979592,-115.34954294814463,-1.0254851200922457,8.543765774746252,1.7087531549492503,2.5485120092245706,60,0,False,SL
LTC-USDT-SWAP,2026-07-06 03:00:00+00:00,2026-07-06 06:00:00+00:00,45.3,44.65006327305022,44.66346231174374,46.573075376512506,-112.68866193486991,-1.0210498748789354,7.06557246590233,1.4131144931804658,2.104987487893548,180,0,False,SL
LTC-USDT-SWAP,2026-07-06 16:00:00+00:00,2026-07-07 02:00:00+00:00,44.96,44.30337559481723,44.31667059599603,46.24665880800794,-112.45831874241355,-1.0206659311638036,6.937610424710685,1.3875220849421368,2.0665931163803646,600,1,False,SL
LTC-USDT-SWAP,2026-07-09 19:00:00+00:00,2026-07-10 00:00:00+00:00,44.09,43.628088483178075,43.6411808374293,44.987638325141404,-117.56064984857838,-1.0291706668143106,9.772097071430219,1.9544194142860438,2.917066681431057,300,0,False,SL
LTC-USDT-SWAP,2026-07-10 02:00:00+00:00,2026-07-11 09:00:00+00:00,44.17,45.09384054394954,43.70807972802523,45.09384054394954,188.40529251998382,2.0,9.662256233346834,1.9324512466693669,0.0,1860,3,True,TP
LTC-USDT-SWAP,2026-07-11 23:00:00+00:00,2026-07-12 00:00:00+00:00,45.14,44.81305323932001,44.82650118967691,45.76699762064618,-125.7952279225707,-1.0428963361712247,14.346633906938125,2.869326781387625,4.289633617122475,60,0,False,SL
LTC-USDT-SWAP,2026-07-12 13:00:00+00:00,2026-07-12 21:00:00+00:00,44.74,44.413945247173665,44.42727342920242,45.36545314159516,-125.6290122714575,-1.042619282380661,14.254296496104404,2.8508592992208808,4.261928238066112,480,1,False,SL
LTC-USDT-SWAP,2026-07-14 15:00:00+00:00,2026-07-15 09:00:00+00:00,44.65,45.5056371618303,44.22218141908485,45.5056371618303,187.35599978350953,2.0,10.5366668470754,2.10733336941508,0.0,1080,2,True,TP
LTC-USDT-SWAP,2026-07-15 18:00:00+00:00,2026-07-16 08:00:00+00:00,45.23,44.63830175942489,44.651697268605474,46.38660546278904,-113.95670382226825,-1.023163489386054,7.770004954214547,1.5540009908429093,2.3163489386054024,840,1,False,SL
LTC-USDT-SWAP,2026-07-16 15:00:00+00:00,2026-07-17 03:00:00+00:00,44.93,45.79305193443226,44.49847403278387,45.79305193443226,187.38573451052693,2.0,10.51188790789422,2.102377581578844,0.0,720,1,True,TP
LTC-USDT-SWAP,2026-07-19 10:00:00+00:00,2026-07-19 22:00:00+00:00,46.78,47.81297111547141,46.263514442264295,47.81297111547141,189.011157849582,2.0,9.157368458681683,1.8314736917363368,0.0,720,1,True,TP
LTC-USDT-SWAP,2026-07-20 01:00:00+00:00,2026-07-20 05:00:00+00:00,47.38,46.741274213016325,46.7553008032573,48.62939839348541,-113.53066330971627,-1.0224533508512752,7.53332761621769,1.506665523243538,2.245335085127525,240,0,False,SL
LTC-USDT-SWAP,2026-07-20 11:00:00+00:00,2026-07-23 15:00:00+00:00,47.01,46.290299857555006,46.30419111488947,48.421617770221054,-111.86761690742162,-1.0196813296453313,6.609459148629474,1.3218918297258948,1.9681329645331278,4560,9,False,SL
LTC-USDT-SWAP,2026-07-26 15:00:00+00:00,2026-07-26 16:00:00+00:00,47.05,47.71240235945601,46.71879882027199,47.71240235945601,182.83295927195456,2.0,14.3058672733712,2.8611734546742404,0.0,60,0,True,TP
LTC-USDT-SWAP,2026-07-26 17:00:00+00:00,2026-07-27 00:00:00+00:00,47.97,47.52483011237643,47.5390918399284,48.83181632014319,-119.916158737193,-1.0330969075860754,11.080647683314922,2.2161295366629843,3.309690758607546,420,0,False,SL
LTC-USDT-SWAP,2026-07-27 01:00:00+00:00,2026-07-27 08:00:00+00:00,47.44,46.95329842913494,46.967388645728654,48.385222708542685,-117.94633401808086,-1.0298135380506013,9.986355339967169,1.997271067993434,2.9813538050601274,420,0,False,SL
AVAX-USDT-SWAP,2026-06-04 19:00:00+00:00,2026-06-04 21:00:00+00:00,7.802,7.5917911987240245,7.594069419549889,8.21786116090022,-106.63332749858462,-1.010956641495123,3.701665999633353,0.7403331999266707,1.095664149512308,120,0,False,SL
AVAX-USDT-SWAP,2026-06-14 02:00:00+00:00,2026-06-14 09:00:00+00:00,6.701,6.62887023947139,6.6308594973205865,6.841281005358826,-117.07492445101981,-1.0283610435227193,9.502263122063308,1.9004526244126618,2.836104352271918,420,0,False,SL
AVAX-USDT-SWAP,2026-06-14 22:00:00+00:00,2026-06-15 11:00:00+00:00,6.712,6.930018166276216,6.602990916861891,6.930018166276216,192.4912579171081,2.0,6.257285069076563,1.2514570138153125,0.0,780,1,True,TP
AVAX-USDT-SWAP,2026-06-15 22:00:00+00:00,2026-06-16 02:00:00+00:00,6.87,6.755988897463793,6.758016302354499,7.093967395291002,-110.92159249697839,-1.0181044646080886,6.0839163128005715,1.2167832625601143,1.810446460808849,240,0,False,SL
AVAX-USDT-SWAP,2026-06-16 07:00:00+00:00,2026-06-16 14:00:00+00:00,6.857,6.748934268935735,6.750959556802776,7.069080886394448,-111.51837537374918,-1.0190992022098042,6.415445776490271,1.2830891552980543,1.9099202209804205,420,0,False,SL
AVAX-USDT-SWAP,2026-06-24 05:00:00+00:00,2026-06-24 13:00:00+00:00,6.423,6.303583335045285,6.305474977538546,6.658050044922907,-109.71642867908923,-1.0160956573642197,5.414414338537735,1.082882867707547,1.6095657364219773,480,1,False,SL
AVAX-USDT-SWAP,2026-06-24 21:00:00+00:00,2026-06-25 13:00:00+00:00,6.335,6.173045253761626,6.17489772307855,6.655204553842901,-107.0016279603592,-1.0115705369876304,3.9062671356942475,0.7812534271388495,1.1570536987630549,960,2,False,SL
AVAX-USDT-SWAP,2026-06-26 08:00:00+00:00,2026-06-26 10:00:00+00:00,6.309,6.138556254794609,6.1403983743069,6.6462032513862,-106.61486669040833,-1.0109258704043855,3.6914105079427,0.73828210158854,1.0925870404385483,120,0,False,SL
AVAX-USDT-SWAP,2026-06-27 12:00:00+00:00,2026-06-27 19:00:00+00:00,6.576,6.429499248594346,6.431428677197505,6.8651426456049895,-108.06671511984877,-1.0133458597857246,4.497952635586558,0.8995905271173117,1.334585978572449,420,0,False,SL
AVAX-USDT-SWAP,2026-06-28 21:00:00+00:00,2026-06-29 03:00:00+00:00,6.402,6.5984575941596555,6.3037712029201725,6.5984575941596555,192.05907555789702,2.0,6.617437035085833,1.3234874070171665,0.0,360,0,True,TP
AVAX-USDT-SWAP,2026-06-29 15:00:00+00:00,2026-06-30 12:00:00+00:00,6.562,6.411450640291494,6.4133746526873,6.859250694625401,-107.82645449521706,-1.0129453853638972,4.364481185364699,0.8728962370729398,1.2945385363897228,1260,2,False,SL
AVAX-USDT-SWAP,2026-06-30 20:00:00+00:00,2026-07-01 01:00:00+00:00,6.569,6.450243250818292,6.452178904489639,6.802642191020722,-110.00063665055124,-1.0165693846893875,5.57229976056147,1.114459952112294,1.656938468938745,300,0,False,SL
AVAX-USDT-SWAP,2026-07-03 15:00:00+00:00,2026-07-03 21:00:00+00:00,6.852,7.01140446447865,6.7722977677606755,7.01140446447865,189.5636013634972,2.0,8.696998863752333,1.7393997727504666,0.0,360,0,True,TP
AVAX-USDT-SWAP,2026-07-04 03:00:00+00:00,2026-07-04 17:00:00+00:00,6.895,7.068759615295495,6.808120192352252,7.068759615295495,190.3564982519911,2.0,8.03625145667408,1.6072502913348161,0.0,840,1,True,TP
AVAX-USDT-SWAP,2026-07-05 00:00:00+00:00,2026-07-05 02:00:00+00:00,6.961,6.871554236290115,6.8736163211864705,7.13576735762706,-114.21741737492636,-1.0235980554304154,7.914838574036087,1.5829677148072174,2.359805543041534,120,0,False,SL
AVAX-USDT-SWAP,2026-07-05 12:00:00+00:00,2026-07-06 12:00:00+00:00,6.876,6.785997531699007,6.7880339418815705,7.05193211623686,-113.94858329064581,-1.0231499538131195,7.765493773351584,1.5530987546703168,2.314995381311956,1440,3,False,SL
AVAX-USDT-SWAP,2026-07-09 07:00:00+00:00,2026-07-10 14:00:00+00:00,6.765,6.6496964056763455,6.65169191325032,6.9916161734993585,-110.62574908528276,-1.0176113429430973,5.919567080552748,1.1839134161105496,1.7611342943097268,1860,3,False,SL
AVAX-USDT-SWAP,2026-07-10 16:00:00+00:00,2026-07-11 23:00:00+00:00,6.739,6.6511067051241275,6.653102635914902,6.910794728170196,-114.00034300553023,-1.0232362286320782,7.7942477325954975,1.5588495465190995,2.3236228632078184,1860,3,False,SL
AVAX-USDT-SWAP,2026-07-13 15:00:00+00:00,2026-07-13 16:00:00+00:00,6.655,6.53859640905947,6.54055857663246,6.883882846735081,-110.34633495721965,-1.017145606155983,5.764344771685897,1.1528689543371793,1.7145606155982922,60,0,False,SL
AVAX-USDT-SWAP,2026-07-15 04:00:00+00:00,2026-07-16 08:00:00+00:00,6.654,6.56068718482508,6.5626559816195655,6.836688036760869,-112.99089541960342,-1.0215536477307743,7.2334715612071365,1.4466943122414275,2.1553647730774244,1680,3,False,SL
AVAX-USDT-SWAP,2026-07-17 18:00:00+00:00,2026-07-19 09:00:00+00:00,6.594,6.500047761034868,6.501998360543031,6.778003278913938,-112.77980234085528,-1.0212017907471675,7.116203492851466,1.4232406985702932,2.1201790747167553,2340,4,False,SL
AVAX-USDT-SWAP,2026-07-20 03:00:00+00:00,2026-07-20 05:00:00+00:00,6.616,6.526424994064982,6.528383509117717,6.791232981764566,-113.47062063666284,-1.0223532697214064,7.499972243651297,1.4999944487302594,2.2353269721406344,120,0,False,SL
AVAX-USDT-SWAP,2026-07-20 12:00:00+00:00,2026-07-20 13:00:00+00:00,6.625,6.5258038329481,6.527762161596578,6.819475676806844,-112.14253606475685,-1.0201395740653303,6.762184376409014,1.3524368752818028,2.0139574065330286,60,0,False,SL
AVAX-USDT-SWAP,2026-07-20 20:00:00+00:00,2026-07-22 06:00:00+00:00,6.563,6.464655849097177,6.466595827845531,6.755808344308938,-112.13282656213681,-1.0201233899425552,6.7567904780214665,1.3513580956042934,2.0123389942555274,2040,4,False,SL
AVAX-USDT-SWAP,2026-07-22 15:00:00+00:00,2026-07-23 12:00:00+00:00,6.57,6.502309962611524,6.504261240983819,6.7014775180323625,-117.8676064135403,-1.0296823122537913,9.942619968985023,1.9885239937970045,2.968231225379135,1260,2,False,SL
AVAX-USDT-SWAP,2026-07-26 12:00:00+00:00,2026-07-27 09:00:00+00:00,6.699,6.610258458016046,6.612242130655242,6.872515738689515,-113.77730970513264,-1.022864469288812,7.670346539475202,1.5340693078950405,2.2864469288811935,1260,2,False,SL
AVAX-USDT-SWAP,2026-07-28 16:00:00+00:00,2026-07-29 03:00:00+00:00,6.57,6.474915447963395,6.4768585055150485,6.756282988969904,-112.57555983705873,-1.0208613525303467,7.002741109157836,1.4005482218315672,2.086135253034662,660,1,False,SL
BCH-USDT-SWAP,2026-06-04 19:00:00+00:00,2026-06-04 21:00:00+00:00,250.4,243.8907079421893,243.9638971113227,263.27220577735466,-106.88231326772878,-1.0113716592788096,3.8399845099723957,0.7679969019944792,1.137165927880949,120,0,False,SL
BCH-USDT-SWAP,2026-06-12 15:00:00+00:00,2026-06-12 22:00:00+00:00,206.6,202.80045401116908,202.86131240489055,214.07737519021887,-109.82582926506588,-1.0162780099094353,5.475189402648994,1.0950378805297987,1.6278009909435387,420,0,False,SL
BCH-USDT-SWAP,2026-06-13 17:00:00+00:00,2026-06-14 05:00:00+00:00,206.8,203.65405874796917,203.71517329995916,212.9696534000817,-111.94561559078431,-1.019811340452019,6.652789583650418,1.3305579167300836,1.9811340452019084,720,1,False,SL
BCH-USDT-SWAP,2026-06-14 22:00:00+00:00,2026-06-15 10:00:00+00:00,208.3,215.72270924490277,204.58864537754863,215.72270924490277,193.14499282801222,2.0,5.712505976656472,1.1425011953312945,0.0,720,1,True,TP
BCH-USDT-SWAP,2026-06-16 03:00:00+00:00,2026-06-16 11:00:00+00:00,223.1,218.25352120236425,218.3190169074365,232.661966185127,-108.27870576412494,-1.0136992128614952,4.615719326521568,0.9231438653043137,1.3699212861495265,480,1,False,SL
BCH-USDT-SWAP,2026-06-17 16:00:00+00:00,2026-06-17 19:00:00+00:00,215.9,211.7166032971326,211.7801373383341,224.13972532333182,-109.31191342738026,-1.0154213978520867,5.189694880802432,1.0379389761604865,1.5421397852086713,180,0,False,SL
BCH-USDT-SWAP,2026-06-29 06:00:00+00:00,2026-06-29 19:00:00+00:00,195.3,202.39575976417046,191.75212011791479,202.39575976417046,193.2743648660885,2.0,5.604695944926259,1.120939188985252,0.0,780,1,True,TP
BCH-USDT-SWAP,2026-07-01 16:00:00+00:00,2026-07-01 23:00:00+00:00,214.6,209.3802009371126,209.44303384726678,224.91393230546643,-107.36971951365643,-1.0121840842645211,4.110752217293504,0.8221504434587009,1.2184084264521178,420,0,False,SL
BCH-USDT-SWAP,2026-07-02 00:00:00+00:00,2026-07-02 17:00:00+00:00,209.9,220.60846865480707,204.54576567259647,220.60846865480707,195.17568590767775,2.0,4.020261743601878,0.8040523487203757,0.0,1020,2,True,TP
BCH-USDT-SWAP,2026-07-04 02:00:00+00:00,2026-07-04 19:00:00+00:00,226.8,234.24352302057122,223.0782384897144,234.24352302057122,192.5673336927192,2.0,6.19388858940066,1.238777717880132,0.0,1020,2,True,TP
BCH-USDT-SWAP,2026-07-05 13:00:00+00:00,2026-07-06 12:00:00+00:00,241.4,235.60181884312584,235.6725205993056,252.8549588013888,-107.46584271631913,-1.0123443056244255,4.164151326195034,0.8328302652390068,1.2344305624425451,1380,2,False,SL
BCH-USDT-SWAP,2026-07-06 16:00:00+00:00,2026-07-06 21:00:00+00:00,239.5,249.26786137058104,234.61606931470948,249.26786137058104,193.99539559999093,2.0,5.0038370000075725,1.0007674000015145,0.0,300,0,True,TP
BCH-USDT-SWAP,2026-07-08 17:00:00+00:00,2026-07-10 08:00:00+00:00,235.8,245.38189721583916,231.00905139208044,245.38189721583916,193.97386275752865,2.0,5.021781035392781,1.004356207078556,0.0,2340,4,True,TP
BCH-USDT-SWAP,2026-07-10 19:00:00+00:00,2026-07-12 22:00:00+00:00,245.3,241.09458306140516,241.16693314134756,253.56613371730492,-110.56205778059838,-1.0175051801523445,5.884184791774566,1.1768369583549134,1.750518015234454,3060,6,False,SL
BCH-USDT-SWAP,2026-07-21 20:00:00+00:00,2026-07-22 05:00:00+00:00,223.8,221.30058463845168,221.36699473687273,228.66601052625458,-116.4356630742003,-1.0272955013404632,9.147135671756372,1.8294271343512745,2.7295501340463253,540,1,False,SL
BCH-USDT-SWAP,2026-07-27 10:00:00+00:00,2026-07-27 14:00:00+00:00,216.3,213.68604114748496,213.75016619734416,221.39966760531172,-115.14772154971783,-1.0251487174546077,8.431648382330259,1.6863296764660518,2.5148717454607734,240,0,False,SL
BCH-USDT-SWAP,2026-07-27 17:00:00+00:00,2026-07-27 22:00:00+00:00,216.4,213.22388958987085,213.28787595265663,222.62424809468675,-112.39497698219253,-1.0205603510054186,6.902422317590687,1.3804844635181373,2.056035100541854,300,0,False,SL
