sym,fold,variant,entry_time,exit_time,pnl,r_multiple,win,exit_type
BTC-USDT-SWAP,1,VAR_B,2025-05-02 13:00:00+00:00,2025-05-02 14:00:00+00:00,-139.5356,-1.0658,0,SL
BTC-USDT-SWAP,1,VAR_B,2025-05-04 02:00:00+00:00,2025-05-04 03:00:00+00:00,-154.1167,-1.0901,0,SL
BTC-USDT-SWAP,1,VAR_B,2025-05-18 08:00:00+00:00,2025-05-18 13:00:00+00:00,163.9054,2.0,1,TP
BTC-USDT-SWAP,1,VAR_B,2025-05-18 14:00:00+00:00,2025-05-18 15:00:00+00:00,163.9663,2.0,1,TP
BTC-USDT-SWAP,1,VAR_B,2025-06-08 11:00:00+00:00,2025-06-08 13:00:00+00:00,158.4042,2.0,1,TP
BTC-USDT-SWAP,1,VAR_B,2025-06-08 16:00:00+00:00,2025-06-08 23:00:00+00:00,-158.3472,-1.0972,0,SL
BTC-USDT-SWAP,1,VAR_B,2025-06-26 15:00:00+00:00,2025-06-26 21:00:00+00:00,-139.2872,-1.0654,0,SL
BTC-USDT-SWAP,1,VAR_B,2025-06-27 14:00:00+00:00,2025-06-29 09:00:00+00:00,171.7382,2.0,1,TP
BTC-USDT-SWAP,1,VAR_B,2025-06-29 10:00:00+00:00,2025-06-29 11:00:00+00:00,127.9773,2.0,1,TP
BTC-USDT-SWAP,1,VAR_B,2025-06-29 12:00:00+00:00,2025-06-29 13:00:00+00:00,-181.7427,-1.1362,0,SL
BTC-USDT-SWAP,1,VAR_B,2025-07-06 11:00:00+00:00,2025-07-06 13:00:00+00:00,126.1473,2.0,1,TP
BTC-USDT-SWAP,1,VAR_B,2025-07-13 13:00:00+00:00,2025-07-13 14:00:00+00:00,159.2274,2.0,1,TP
BTC-USDT-SWAP,1,VAR_B,2025-07-20 13:00:00+00:00,2025-07-20 14:00:00+00:00,158.4352,2.0,1,TP
BTC-USDT-SWAP,1,VAR_B,2025-07-20 15:00:00+00:00,2025-07-20 17:00:00+00:00,-159.956,-1.0998,0,SL
BTC-USDT-SWAP,1,VAR_B,2025-07-27 15:00:00+00:00,2025-07-27 16:00:00+00:00,148.9538,2.0,1,TP
BTC-USDT-SWAP,2,VAR_B,2025-08-09 06:00:00+00:00,2025-08-09 09:00:00+00:00,163.2188,2.0,1,TP
BTC-USDT-SWAP,2,VAR_B,2025-08-09 10:00:00+00:00,2025-08-09 11:00:00+00:00,-155.8421,-1.093,0,SL
BTC-USDT-SWAP,2,VAR_B,2025-08-10 03:00:00+00:00,2025-08-10 04:00:00+00:00,159.7184,2.0,1,TP
BTC-USDT-SWAP,2,VAR_B,2025-09-13 15:00:00+00:00,2025-09-13 16:00:00+00:00,-162.7053,-1.1044,0,SL
BTC-USDT-SWAP,2,VAR_B,2025-09-13 18:00:00+00:00,2025-09-14 14:00:00+00:00,-157.0656,-1.095,0,SL
BTC-USDT-SWAP,2,VAR_B,2025-09-14 15:00:00+00:00,2025-09-14 21:00:00+00:00,155.1808,2.0,1,TP
BTC-USDT-SWAP,2,VAR_B,2025-09-19 14:00:00+00:00,2025-09-19 15:00:00+00:00,-156.342,-1.0938,0,SL
BTC-USDT-SWAP,2,VAR_B,2025-09-20 16:00:00+00:00,2025-09-20 18:00:00+00:00,-187.3774,-1.1535,0,SL
BTC-USDT-SWAP,2,VAR_B,2025-10-10 14:00:00+00:00,2025-10-10 15:00:00+00:00,-135.0914,-1.0584,0,SL
BTC-USDT-SWAP,2,VAR_B,2025-10-26 10:00:00+00:00,2025-10-26 11:00:00+00:00,160.57,2.0,1,TP
BTC-USDT-SWAP,3,VAR_B,2025-11-28 09:00:00+00:00,2025-11-28 11:00:00+00:00,-133.141,-1.0551,0,SL
BTC-USDT-SWAP,3,VAR_B,2025-11-29 16:00:00+00:00,2025-11-29 17:00:00+00:00,-142.4284,-1.0706,0,SL
BTC-USDT-SWAP,3,VAR_B,2025-11-29 19:00:00+00:00,2025-11-30 09:00:00+00:00,173.3134,2.0,1,TP
BTC-USDT-SWAP,3,VAR_B,2025-11-30 10:00:00+00:00,2025-11-30 11:00:00+00:00,-147.1925,-1.0786,0,SL
BTC-USDT-SWAP,3,VAR_B,2025-11-30 14:00:00+00:00,2025-11-30 15:00:00+00:00,-143.462,-1.0723,0,SL
BTC-USDT-SWAP,3,VAR_B,2025-12-20 14:00:00+00:00,2025-12-21 13:00:00+00:00,-137.6953,-1.0627,0,SL
BTC-USDT-SWAP,3,VAR_B,2026-01-17 16:00:00+00:00,2026-01-17 17:00:00+00:00,-163.912,-1.1064,0,SL
BTC-USDT-SWAP,3,VAR_B,2026-01-18 14:00:00+00:00,2026-01-18 15:00:00+00:00,-188.5631,-1.1475,0,SL
BTC-USDT-SWAP,3,VAR_B,2026-01-18 19:00:00+00:00,2026-01-18 23:00:00+00:00,-181.5578,-1.1358,0,SL
BTC-USDT-SWAP,4,VAR_B,2026-03-15 00:00:00+00:00,2026-03-15 01:00:00+00:00,-139.2121,-1.0653,0,SL
BTC-USDT-SWAP,4,VAR_B,2026-03-15 03:00:00+00:00,2026-03-15 21:00:00+00:00,174.3016,2.0,1,TP
BTC-USDT-SWAP,4,VAR_B,2026-04-11 17:00:00+00:00,2026-04-11 18:00:00+00:00,171.1789,2.0,1,TP
BTC-USDT-SWAP,4,VAR_B,2026-04-11 19:00:00+00:00,2026-04-11 21:00:00+00:00,-139.7058,-1.0661,0,SL
BTC-USDT-SWAP,4,VAR_B,2026-04-13 13:00:00+00:00,2026-04-13 14:00:00+00:00,173.6703,2.0,1,TP
BTC-USDT-SWAP,4,VAR_B,2026-04-19 12:00:00+00:00,2026-04-19 17:00:00+00:00,-139.7183,-1.0661,0,SL
BTC-USDT-SWAP,4,VAR_B,2026-04-24 12:00:00+00:00,2026-04-24 14:00:00+00:00,-130.0658,-1.05,0,SL
BTC-USDT-SWAP,4,VAR_B,2026-04-25 17:00:00+00:00,2026-04-26 05:00:00+00:00,164.1096,2.0,1,TP
BTC-USDT-SWAP,4,VAR_B,2026-04-26 06:00:00+00:00,2026-04-26 19:00:00+00:00,161.5651,2.0,1,TP
BTC-USDT-SWAP,5,VAR_B,2026-05-02 22:00:00+00:00,2026-05-03 01:00:00+00:00,-153.5321,-1.0891,0,SL
BTC-USDT-SWAP,5,VAR_B,2026-05-03 12:00:00+00:00,2026-05-03 20:00:00+00:00,161.4549,2.0,1,TP
BTC-USDT-SWAP,5,VAR_B,2026-05-09 16:00:00+00:00,2026-05-09 18:00:00+00:00,161.7928,2.0,1,TP
BTC-USDT-SWAP,5,VAR_B,2026-05-09 19:00:00+00:00,2026-05-09 23:00:00+00:00,-154.6408,-1.091,0,SL
BTC-USDT-SWAP,5,VAR_B,2026-05-10 16:00:00+00:00,2026-05-10 19:00:00+00:00,-166.6825,-1.111,0,SL
BTC-USDT-SWAP,5,VAR_B,2026-06-13 13:00:00+00:00,2026-06-13 21:00:00+00:00,171.3043,2.0,1,TP
BTC-USDT-SWAP,5,VAR_B,2026-06-13 22:00:00+00:00,2026-06-14 14:00:00+00:00,-143.4078,-1.0723,0,SL
BTC-USDT-SWAP,5,VAR_B,2026-06-21 13:00:00+00:00,2026-06-21 20:00:00+00:00,-144.7996,-1.0746,0,SL
BTC-USDT-SWAP,5,VAR_B,2026-07-03 15:00:00+00:00,2026-07-03 21:00:00+00:00,179.732,2.0,1,TP
BTC-USDT-SWAP,5,VAR_B,2026-07-04 16:00:00+00:00,2026-07-04 17:00:00+00:00,170.4123,2.0,1,TP
BTC-USDT-SWAP,5,VAR_B,2026-07-04 18:00:00+00:00,2026-07-04 23:00:00+00:00,-140.2688,-1.067,0,SL
BTC-USDT-SWAP,5,VAR_B,2026-07-11 15:00:00+00:00,2026-07-11 16:00:00+00:00,-156.6351,-1.0943,0,SL
BTC-USDT-SWAP,5,VAR_B,2026-07-11 17:00:00+00:00,2026-07-11 23:00:00+00:00,-150.1735,-1.0835,0,SL
BTC-USDT-SWAP,5,VAR_B,2026-07-12 01:00:00+00:00,2026-07-12 14:00:00+00:00,166.0618,2.0,1,TP
BTC-USDT-SWAP,5,VAR_B,2026-07-18 13:00:00+00:00,2026-07-18 18:00:00+00:00,158.9872,2.0,1,TP
BTC-USDT-SWAP,5,VAR_B,2026-07-18 19:00:00+00:00,2026-07-19 00:00:00+00:00,159.3828,2.0,1,TP
BTC-USDT-SWAP,5,VAR_B,2026-07-24 08:00:00+00:00,2026-07-24 09:00:00+00:00,-141.4943,-1.0691,0,SL
ETH-USDT-SWAP,1,VAR_B,2025-05-02 13:00:00+00:00,2025-05-02 16:00:00+00:00,184.2373,2.0,1,TP
ETH-USDT-SWAP,1,VAR_B,2025-05-18 06:00:00+00:00,2025-05-18 12:00:00+00:00,-119.8667,-1.033,0,SL
ETH-USDT-SWAP,1,VAR_B,2025-06-25 14:00:00+00:00,2025-06-25 15:00:00+00:00,-118.8159,-1.0313,0,SL
ETH-USDT-SWAP,1,VAR_B,2025-06-28 16:00:00+00:00,2025-06-29 11:00:00+00:00,176.6903,2.0,1,TP
ETH-USDT-SWAP,1,VAR_B,2025-06-29 12:00:00+00:00,2025-06-29 13:00:00+00:00,-142.2766,-1.0704,0,SL
ETH-USDT-SWAP,1,VAR_B,2025-07-06 07:00:00+00:00,2025-07-06 08:00:00+00:00,-138.681,-1.0644,0,SL
ETH-USDT-SWAP,1,VAR_B,2025-07-13 13:00:00+00:00,2025-07-13 17:00:00+00:00,-128.1735,-1.0469,0,SL
ETH-USDT-SWAP,1,VAR_B,2025-07-20 02:00:00+00:00,2025-07-20 03:00:00+00:00,186.9284,2.0,1,TP
ETH-USDT-SWAP,1,VAR_B,2025-07-27 06:00:00+00:00,2025-07-27 07:00:00+00:00,-123.8771,-1.0397,0,SL
ETH-USDT-SWAP,2,VAR_B,2025-08-17 05:00:00+00:00,2025-08-17 07:00:00+00:00,-122.5772,-1.0375,0,SL
ETH-USDT-SWAP,2,VAR_B,2025-08-24 12:00:00+00:00,2025-08-24 15:00:00+00:00,183.2904,2.0,1,TP
ETH-USDT-SWAP,2,VAR_B,2025-08-24 16:00:00+00:00,2025-08-24 17:00:00+00:00,183.1357,2.0,1,TP
ETH-USDT-SWAP,2,VAR_B,2025-10-05 03:00:00+00:00,2025-10-05 07:00:00+00:00,179.9751,2.0,1,TP
ETH-USDT-SWAP,2,VAR_B,2025-10-25 19:00:00+00:00,2025-10-25 21:00:00+00:00,-131.6298,-1.0526,0,SL
ETH-USDT-SWAP,2,VAR_B,2025-10-26 10:00:00+00:00,2025-10-26 11:00:00+00:00,177.3142,2.0,1,TP
ETH-USDT-SWAP,3,VAR_B,2025-11-27 17:00:00+00:00,2025-11-28 01:00:00+00:00,-122.1875,-1.0369,0,SL
ETH-USDT-SWAP,3,VAR_B,2025-11-29 16:00:00+00:00,2025-11-29 17:00:00+00:00,-125.9245,-1.0431,0,SL
ETH-USDT-SWAP,3,VAR_B,2025-11-30 04:00:00+00:00,2025-11-30 13:00:00+00:00,182.0244,2.0,1,TP
ETH-USDT-SWAP,3,VAR_B,2025-11-30 14:00:00+00:00,2025-11-30 15:00:00+00:00,-128.4137,-1.0473,0,SL
ETH-USDT-SWAP,3,VAR_B,2025-12-06 15:00:00+00:00,2025-12-06 19:00:00+00:00,-122.6651,-1.0377,0,SL
ETH-USDT-SWAP,3,VAR_B,2026-01-01 15:00:00+00:00,2026-01-01 17:00:00+00:00,165.8431,2.0,1,TP
ETH-USDT-SWAP,3,VAR_B,2026-01-01 18:00:00+00:00,2026-01-02 03:00:00+00:00,169.6171,2.0,1,TP
ETH-USDT-SWAP,3,VAR_B,2026-01-17 15:00:00+00:00,2026-01-17 22:00:00+00:00,-148.8701,-1.0814,0,SL
ETH-USDT-SWAP,3,VAR_B,2026-01-18 14:00:00+00:00,2026-01-18 18:00:00+00:00,164.0185,2.0,1,TP
ETH-USDT-SWAP,4,VAR_B,2026-02-14 12:00:00+00:00,2026-02-14 13:00:00+00:00,-122.4059,-1.0372,0,SL
ETH-USDT-SWAP,4,VAR_B,2026-03-15 00:00:00+00:00,2026-03-15 01:00:00+00:00,-130.1929,-1.0502,0,SL
ETH-USDT-SWAP,4,VAR_B,2026-03-15 03:00:00+00:00,2026-03-15 13:00:00+00:00,-129.722,-1.0494,0,SL
ETH-USDT-SWAP,4,VAR_B,2026-04-11 16:00:00+00:00,2026-04-11 18:00:00+00:00,178.0898,2.0,1,TP
ETH-USDT-SWAP,4,VAR_B,2026-04-13 13:00:00+00:00,2026-04-13 14:00:00+00:00,181.6743,2.0,1,TP
ETH-USDT-SWAP,4,VAR_B,2026-04-19 13:00:00+00:00,2026-04-19 15:00:00+00:00,-127.2487,-1.0453,0,SL
ETH-USDT-SWAP,5,VAR_B,2026-05-02 22:00:00+00:00,2026-05-02 23:00:00+00:00,-144.6566,-1.0743,0,SL
ETH-USDT-SWAP,5,VAR_B,2026-05-03 08:00:00+00:00,2026-05-03 11:00:00+00:00,168.5203,2.0,1,TP
ETH-USDT-SWAP,5,VAR_B,2026-05-10 14:00:00+00:00,2026-05-10 15:00:00+00:00,162.2836,2.0,1,TP
ETH-USDT-SWAP,5,VAR_B,2026-05-10 16:00:00+00:00,2026-05-10 17:00:00+00:00,166.6347,2.0,1,TP
ETH-USDT-SWAP,5,VAR_B,2026-06-20 15:00:00+00:00,2026-06-20 17:00:00+00:00,-125.6402,-1.0426,0,SL
ETH-USDT-SWAP,5,VAR_B,2026-06-21 13:00:00+00:00,2026-06-21 21:00:00+00:00,-132.5043,-1.0541,0,SL
ETH-USDT-SWAP,5,VAR_B,2026-07-04 16:00:00+00:00,2026-07-04 23:00:00+00:00,-125.5634,-1.0425,0,SL
ETH-USDT-SWAP,5,VAR_B,2026-07-05 16:00:00+00:00,2026-07-05 22:00:00+00:00,180.3523,2.0,1,TP
ETH-USDT-SWAP,5,VAR_B,2026-07-11 14:00:00+00:00,2026-07-11 15:00:00+00:00,173.7273,2.0,1,TP
ETH-USDT-SWAP,5,VAR_B,2026-07-11 16:00:00+00:00,2026-07-11 23:00:00+00:00,-133.427,-1.0556,0,SL
ETH-USDT-SWAP,5,VAR_B,2026-07-18 18:00:00+00:00,2026-07-19 02:00:00+00:00,171.4571,2.0,1,TP
ETH-USDT-SWAP,5,VAR_B,2026-07-19 03:00:00+00:00,2026-07-19 17:00:00+00:00,-140.3516,-1.0672,0,SL
ETH-USDT-SWAP,5,VAR_B,2026-07-26 13:00:00+00:00,2026-07-26 14:00:00+00:00,161.4114,2.0,1,TP
SOL-USDT-SWAP,1,VAR_B,2025-05-02 13:00:00+00:00,2025-05-02 15:00:00+00:00,-123.2241,-1.0386,0,SL
SOL-USDT-SWAP,1,VAR_B,2025-05-23 01:00:00+00:00,2025-05-23 02:00:00+00:00,189.2528,2.0,1,TP
SOL-USDT-SWAP,1,VAR_B,2025-06-26 15:00:00+00:00,2025-06-26 17:00:00+00:00,-116.9633,-1.0282,0,SL
SOL-USDT-SWAP,1,VAR_B,2025-06-28 08:00:00+00:00,2025-06-28 16:00:00+00:00,186.6796,2.0,1,TP
SOL-USDT-SWAP,1,VAR_B,2025-06-29 10:00:00+00:00,2025-06-29 16:00:00+00:00,-124.5465,-1.0408,0,SL
SOL-USDT-SWAP,1,VAR_B,2025-07-13 12:00:00+00:00,2025-07-13 17:00:00+00:00,-124.4478,-1.0407,0,SL
SOL-USDT-SWAP,1,VAR_B,2025-07-19 21:00:00+00:00,2025-07-19 22:00:00+00:00,-117.127,-1.0284,0,SL
SOL-USDT-SWAP,1,VAR_B,2025-07-27 11:00:00+00:00,2025-07-27 12:00:00+00:00,-124.231,-1.0403,0,SL
SOL-USDT-SWAP,2,VAR_B,2025-08-17 03:00:00+00:00,2025-08-17 15:00:00+00:00,187.2744,2.0,1,TP
SOL-USDT-SWAP,2,VAR_B,2025-09-20 16:00:00+00:00,2025-09-20 18:00:00+00:00,-128.356,-1.0472,0,SL
SOL-USDT-SWAP,2,VAR_B,2025-10-04 17:00:00+00:00,2025-10-05 02:00:00+00:00,186.7369,2.0,1,TP
SOL-USDT-SWAP,2,VAR_B,2025-10-05 03:00:00+00:00,2025-10-05 04:00:00+00:00,184.8758,2.0,1,TP
SOL-USDT-SWAP,2,VAR_B,2025-10-25 19:00:00+00:00,2025-10-26 01:00:00+00:00,-125.0161,-1.0416,0,SL
SOL-USDT-SWAP,2,VAR_B,2025-10-26 10:00:00+00:00,2025-10-26 11:00:00+00:00,-129.2487,-1.0487,0,SL
SOL-USDT-SWAP,3,VAR_B,2025-11-28 09:00:00+00:00,2025-11-28 11:00:00+00:00,-120.4722,-1.034,0,SL
SOL-USDT-SWAP,3,VAR_B,2025-12-28 20:00:00+00:00,2025-12-28 23:00:00+00:00,176.2257,2.0,1,TP
SOL-USDT-SWAP,3,VAR_B,2026-01-11 09:00:00+00:00,2026-01-11 14:00:00+00:00,171.8987,2.0,1,TP
SOL-USDT-SWAP,4,VAR_B,2026-02-21 15:00:00+00:00,2026-02-21 20:00:00+00:00,-121.878,-1.0364,0,SL
SOL-USDT-SWAP,4,VAR_B,2026-03-15 00:00:00+00:00,2026-03-15 13:00:00+00:00,-128.2694,-1.047,0,SL
SOL-USDT-SWAP,4,VAR_B,2026-04-11 10:00:00+00:00,2026-04-11 11:00:00+00:00,-128.7851,-1.0479,0,SL
SOL-USDT-SWAP,4,VAR_B,2026-04-11 12:00:00+00:00,2026-04-11 16:00:00+00:00,180.7607,2.0,1,TP
SOL-USDT-SWAP,4,VAR_B,2026-04-11 17:00:00+00:00,2026-04-11 19:00:00+00:00,181.1896,2.0,1,TP
SOL-USDT-SWAP,4,VAR_B,2026-04-25 19:00:00+00:00,2026-04-26 03:00:00+00:00,173.6807,2.0,1,TP
SOL-USDT-SWAP,4,VAR_B,2026-04-26 14:00:00+00:00,2026-04-26 18:00:00+00:00,170.7428,2.0,1,TP
SOL-USDT-SWAP,4,VAR_B,2026-04-26 19:00:00+00:00,2026-04-26 21:00:00+00:00,-142.9284,-1.0715,0,SL
SOL-USDT-SWAP,5,VAR_B,2026-05-10 09:00:00+00:00,2026-05-10 11:00:00+00:00,-135.398,-1.0589,0,SL
SOL-USDT-SWAP,5,VAR_B,2026-06-13 16:00:00+00:00,2026-06-13 17:00:00+00:00,-124.4885,-1.0407,0,SL
SOL-USDT-SWAP,5,VAR_B,2026-07-03 11:00:00+00:00,2026-07-03 19:00:00+00:00,187.6777,2.0,1,TP
SOL-USDT-SWAP,5,VAR_B,2026-07-03 20:00:00+00:00,2026-07-04 09:00:00+00:00,-118.9121,-1.0314,0,SL
SOL-USDT-SWAP,5,VAR_B,2026-07-04 16:00:00+00:00,2026-07-04 23:00:00+00:00,-122.0536,-1.0367,0,SL
SOL-USDT-SWAP,5,VAR_B,2026-07-05 22:00:00+00:00,2026-07-06 00:00:00+00:00,-124.7419,-1.0411,0,SL
SOL-USDT-SWAP,5,VAR_B,2026-07-10 09:00:00+00:00,2026-07-10 14:00:00+00:00,-125.8358,-1.043,0,SL
LINK-USDT-SWAP,1,VAR_B,2025-05-02 13:00:00+00:00,2025-05-02 16:00:00+00:00,188.0734,2.0,1,TP
LINK-USDT-SWAP,1,VAR_B,2025-05-23 03:00:00+00:00,2025-05-23 04:00:00+00:00,-113.6059,-1.0226,0,SL
LINK-USDT-SWAP,1,VAR_B,2025-06-25 14:00:00+00:00,2025-06-25 15:00:00+00:00,-115.7655,-1.0262,0,SL
LINK-USDT-SWAP,1,VAR_B,2025-06-26 02:00:00+00:00,2025-06-26 03:00:00+00:00,189.0895,2.0,1,TP
LINK-USDT-SWAP,1,VAR_B,2025-06-28 16:00:00+00:00,2025-06-29 09:00:00+00:00,183.9809,2.0,1,TP
LINK-USDT-SWAP,1,VAR_B,2025-06-29 18:00:00+00:00,2025-06-29 20:00:00+00:00,-129.4198,-1.0489,0,SL
LINK-USDT-SWAP,1,VAR_B,2025-06-29 22:00:00+00:00,2025-06-29 23:00:00+00:00,180.1863,2.0,1,TP
LINK-USDT-SWAP,1,VAR_B,2025-07-06 17:00:00+00:00,2025-07-06 18:00:00+00:00,-127.3934,-1.0456,0,SL
LINK-USDT-SWAP,1,VAR_B,2025-07-27 00:00:00+00:00,2025-07-27 04:00:00+00:00,188.6898,2.0,1,TP
LINK-USDT-SWAP,2,VAR_B,2025-08-16 15:00:00+00:00,2025-08-16 19:00:00+00:00,191.7118,2.0,1,TP
LINK-USDT-SWAP,2,VAR_B,2025-08-22 13:00:00+00:00,2025-08-22 14:00:00+00:00,192.385,2.0,1,TP
LINK-USDT-SWAP,2,VAR_B,2025-10-05 03:00:00+00:00,2025-10-05 07:00:00+00:00,184.9388,2.0,1,TP
LINK-USDT-SWAP,3,VAR_B,2025-11-27 17:00:00+00:00,2025-11-27 22:00:00+00:00,-120.0211,-1.0333,0,SL
LINK-USDT-SWAP,3,VAR_B,2025-12-06 15:00:00+00:00,2025-12-07 14:00:00+00:00,-116.4401,-1.0273,0,SL
LINK-USDT-SWAP,3,VAR_B,2026-01-17 15:00:00+00:00,2026-01-17 21:00:00+00:00,-131.068,-1.0517,0,SL
LINK-USDT-SWAP,3,VAR_B,2026-01-18 14:00:00+00:00,2026-01-18 23:00:00+00:00,-135.5352,-1.0591,0,SL
LINK-USDT-SWAP,4,VAR_B,2026-02-18 13:00:00+00:00,2026-02-18 14:00:00+00:00,-119.0188,-1.0316,0,SL
LINK-USDT-SWAP,4,VAR_B,2026-02-22 15:00:00+00:00,2026-02-22 16:00:00+00:00,-127.2814,-1.0454,0,SL
LINK-USDT-SWAP,4,VAR_B,2026-04-11 17:00:00+00:00,2026-04-11 18:00:00+00:00,180.4313,2.0,1,TP
LINK-USDT-SWAP,4,VAR_B,2026-04-11 19:00:00+00:00,2026-04-11 22:00:00+00:00,-125.8244,-1.0429,0,SL
LINK-USDT-SWAP,4,VAR_B,2026-04-22 14:00:00+00:00,2026-04-22 16:00:00+00:00,-126.7319,-1.0445,0,SL
LINK-USDT-SWAP,4,VAR_B,2026-04-23 01:00:00+00:00,2026-04-23 02:00:00+00:00,-124.2747,-1.0404,0,SL
LINK-USDT-SWAP,4,VAR_B,2026-04-26 06:00:00+00:00,2026-04-26 11:00:00+00:00,172.91,2.0,1,TP
LINK-USDT-SWAP,4,VAR_B,2026-04-26 12:00:00+00:00,2026-04-26 13:00:00+00:00,-142.5891,-1.0709,0,SL
LINK-USDT-SWAP,5,VAR_B,2026-05-10 14:00:00+00:00,2026-05-10 17:00:00+00:00,181.4479,2.0,1,TP
LINK-USDT-SWAP,5,VAR_B,2026-07-03 20:00:00+00:00,2026-07-04 09:00:00+00:00,-123.4794,-1.039,0,SL
LINK-USDT-SWAP,5,VAR_B,2026-07-04 16:00:00+00:00,2026-07-04 22:00:00+00:00,-125.7204,-1.0428,0,SL
LINK-USDT-SWAP,5,VAR_B,2026-07-11 15:00:00+00:00,2026-07-11 22:00:00+00:00,-134.8124,-1.0579,0,SL
LINK-USDT-SWAP,5,VAR_B,2026-07-18 13:00:00+00:00,2026-07-18 14:00:00+00:00,-132.1898,-1.0536,0,SL
LINK-USDT-SWAP,5,VAR_B,2026-07-18 15:00:00+00:00,2026-07-18 16:00:00+00:00,-129.7977,-1.0496,0,SL
LINK-USDT-SWAP,5,VAR_B,2026-07-18 17:00:00+00:00,2026-07-19 02:00:00+00:00,179.6619,2.0,1,TP
LINK-USDT-SWAP,5,VAR_B,2026-07-19 03:00:00+00:00,2026-07-19 10:00:00+00:00,-134.7011,-1.0577,0,SL
LINK-USDT-SWAP,5,VAR_B,2026-07-26 13:00:00+00:00,2026-07-26 15:00:00+00:00,170.6431,2.0,1,TP
AVAX-USDT-SWAP,1,VAR_B,2025-06-25 14:00:00+00:00,2025-06-25 15:00:00+00:00,-116.4135,-1.0273,0,SL
AVAX-USDT-SWAP,1,VAR_B,2025-06-29 10:00:00+00:00,2025-06-29 12:00:00+00:00,-129.5135,-1.0491,0,SL
AVAX-USDT-SWAP,1,VAR_B,2025-07-26 16:00:00+00:00,2025-07-26 17:00:00+00:00,-117.7736,-1.0295,0,SL
AVAX-USDT-SWAP,2,VAR_B,2025-08-27 13:00:00+00:00,2025-08-27 14:00:00+00:00,188.0285,2.0,1,TP
AVAX-USDT-SWAP,2,VAR_B,2025-09-04 16:00:00+00:00,2025-09-04 17:00:00+00:00,-121.5475,-1.0358,0,SL
AVAX-USDT-SWAP,2,VAR_B,2025-09-07 09:00:00+00:00,2025-09-07 11:00:00+00:00,-127.7065,-1.0461,0,SL
AVAX-USDT-SWAP,2,VAR_B,2025-09-21 10:00:00+00:00,2025-09-21 13:00:00+00:00,-119.6691,-1.0327,0,SL
AVAX-USDT-SWAP,2,VAR_B,2025-10-02 13:00:00+00:00,2025-10-02 14:00:00+00:00,-118.4923,-1.0307,0,SL
AVAX-USDT-SWAP,3,VAR_B,2025-11-27 17:00:00+00:00,2025-11-27 19:00:00+00:00,-127.8987,-1.0464,0,SL
AVAX-USDT-SWAP,3,VAR_B,2025-11-28 03:00:00+00:00,2025-11-28 11:00:00+00:00,-132.8676,-1.0547,0,SL
AVAX-USDT-SWAP,3,VAR_B,2025-11-28 14:00:00+00:00,2025-11-28 15:00:00+00:00,179.5253,2.0,1,TP
AVAX-USDT-SWAP,3,VAR_B,2025-12-04 16:00:00+00:00,2025-12-04 17:00:00+00:00,-122.2965,-1.0371,0,SL
AVAX-USDT-SWAP,3,VAR_B,2025-12-27 16:00:00+00:00,2025-12-27 21:00:00+00:00,176.5854,2.0,1,TP
AVAX-USDT-SWAP,3,VAR_B,2025-12-27 22:00:00+00:00,2025-12-27 23:00:00+00:00,177.3805,2.0,1,TP
AVAX-USDT-SWAP,3,VAR_B,2026-01-09 14:00:00+00:00,2026-01-09 15:00:00+00:00,-118.6241,-1.0309,0,SL
AVAX-USDT-SWAP,3,VAR_B,2026-01-11 15:00:00+00:00,2026-01-11 16:00:00+00:00,-133.495,-1.0557,0,SL
AVAX-USDT-SWAP,4,VAR_B,2026-02-14 12:00:00+00:00,2026-02-14 13:00:00+00:00,-123.968,-1.0399,0,SL
AVAX-USDT-SWAP,4,VAR_B,2026-02-21 15:00:00+00:00,2026-02-21 16:00:00+00:00,-123.496,-1.0391,0,SL
AVAX-USDT-SWAP,4,VAR_B,2026-03-15 03:00:00+00:00,2026-03-15 04:00:00+00:00,-127.841,-1.0463,0,SL
AVAX-USDT-SWAP,4,VAR_B,2026-04-11 17:00:00+00:00,2026-04-11 18:00:00+00:00,-124.9263,-1.0414,0,SL
AVAX-USDT-SWAP,4,VAR_B,2026-04-11 19:00:00+00:00,2026-04-11 22:00:00+00:00,-122.608,-1.0376,0,SL
AVAX-USDT-SWAP,4,VAR_B,2026-04-24 12:00:00+00:00,2026-04-24 15:00:00+00:00,-124.0704,-1.04,0,SL
AVAX-USDT-SWAP,4,VAR_B,2026-04-25 06:00:00+00:00,2026-04-25 11:00:00+00:00,-128.7569,-1.0478,0,SL
AVAX-USDT-SWAP,4,VAR_B,2026-04-26 12:00:00+00:00,2026-04-26 13:00:00+00:00,-136.3809,-1.0605,0,SL
AVAX-USDT-SWAP,5,VAR_B,2026-05-08 09:00:00+00:00,2026-05-08 14:00:00+00:00,184.7405,2.0,1,TP
AVAX-USDT-SWAP,5,VAR_B,2026-05-10 09:00:00+00:00,2026-05-10 10:00:00+00:00,-123.9452,-1.0398,0,SL
AVAX-USDT-SWAP,5,VAR_B,2026-07-02 10:00:00+00:00,2026-07-03 08:00:00+00:00,186.8395,2.0,1,TP
AVAX-USDT-SWAP,5,VAR_B,2026-07-03 09:00:00+00:00,2026-07-03 20:00:00+00:00,184.4042,2.0,1,TP
AVAX-USDT-SWAP,5,VAR_B,2026-07-04 16:00:00+00:00,2026-07-04 17:00:00+00:00,183.7139,2.0,1,TP
AVAX-USDT-SWAP,5,VAR_B,2026-07-10 02:00:00+00:00,2026-07-10 14:00:00+00:00,-120.1372,-1.0335,0,SL
AVAX-USDT-SWAP,5,VAR_B,2026-07-11 15:00:00+00:00,2026-07-11 22:00:00+00:00,-133.173,-1.0552,0,SL
XRP-USDT-SWAP,1,VAR_B,2025-07-05 15:00:00+00:00,2025-07-05 16:00:00+00:00,-137.8563,-1.063,0,SL
XRP-USDT-SWAP,1,VAR_B,2025-07-06 05:00:00+00:00,2025-07-06 08:00:00+00:00,171.3212,2.0,1,TP
XRP-USDT-SWAP,3,VAR_B,2025-11-30 14:00:00+00:00,2025-11-30 15:00:00+00:00,-127.1896,-1.0452,0,SL
XRP-USDT-SWAP,3,VAR_B,2025-11-30 17:00:00+00:00,2025-11-30 18:00:00+00:00,-126.6334,-1.0443,0,SL
XRP-USDT-SWAP,4,VAR_B,2026-02-18 14:00:00+00:00,2026-02-18 17:00:00+00:00,-120.0456,-1.0333,0,SL
XRP-USDT-SWAP,4,VAR_B,2026-03-15 03:00:00+00:00,2026-03-15 06:00:00+00:00,-132.6152,-1.0543,0,SL
XRP-USDT-SWAP,4,VAR_B,2026-04-10 13:00:00+00:00,2026-04-10 15:00:00+00:00,181.0727,2.0,1,TP
XRP-USDT-SWAP,4,VAR_B,2026-04-11 10:00:00+00:00,2026-04-11 13:00:00+00:00,-139.1551,-1.0652,0,SL
XRP-USDT-SWAP,4,VAR_B,2026-04-11 16:00:00+00:00,2026-04-11 18:00:00+00:00,172.9242,2.0,1,TP
XRP-USDT-SWAP,5,VAR_B,2026-05-09 17:00:00+00:00,2026-05-10 13:00:00+00:00,176.0854,2.0,1,TP
XRP-USDT-SWAP,5,VAR_B,2026-07-11 15:00:00+00:00,2026-07-11 22:00:00+00:00,-143.1865,-1.0719,0,SL
LTC-USDT-SWAP,1,VAR_B,2025-05-03 18:00:00+00:00,2025-05-04 00:00:00+00:00,-122.3821,-1.0372,0,SL
LTC-USDT-SWAP,1,VAR_B,2025-05-04 15:00:00+00:00,2025-05-04 16:00:00+00:00,-124.408,-1.0406,0,SL
LTC-USDT-SWAP,1,VAR_B,2025-06-25 08:00:00+00:00,2025-06-25 09:00:00+00:00,-124.9079,-1.0414,0,SL
LTC-USDT-SWAP,1,VAR_B,2025-06-28 16:00:00+00:00,2025-06-28 20:00:00+00:00,-131.107,-1.0518,0,SL
LTC-USDT-SWAP,1,VAR_B,2025-06-29 16:00:00+00:00,2025-06-29 22:00:00+00:00,175.8648,2.0,1,TP
LTC-USDT-SWAP,1,VAR_B,2025-07-09 13:00:00+00:00,2025-07-09 14:00:00+00:00,-132.9842,-1.0549,0,SL
LTC-USDT-SWAP,1,VAR_B,2025-07-26 16:00:00+00:00,2025-07-27 09:00:00+00:00,-118.1215,-1.0301,0,SL
LTC-USDT-SWAP,1,VAR_B,2025-07-27 11:00:00+00:00,2025-07-28 00:00:00+00:00,186.6766,2.0,1,TP
LTC-USDT-SWAP,2,VAR_B,2025-08-24 04:00:00+00:00,2025-08-24 06:00:00+00:00,-127.4959,-1.0457,0,SL
LTC-USDT-SWAP,2,VAR_B,2025-08-24 09:00:00+00:00,2025-08-24 10:00:00+00:00,-125.772,-1.0429,0,SL
LTC-USDT-SWAP,2,VAR_B,2025-09-07 02:00:00+00:00,2025-09-07 07:00:00+00:00,175.442,2.0,1,TP
LTC-USDT-SWAP,2,VAR_B,2025-10-06 14:00:00+00:00,2025-10-06 16:00:00+00:00,-122.5596,-1.0375,0,SL
LTC-USDT-SWAP,2,VAR_B,2025-10-25 17:00:00+00:00,2025-10-26 07:00:00+00:00,178.197,2.0,1,TP
LTC-USDT-SWAP,2,VAR_B,2025-10-26 08:00:00+00:00,2025-10-26 09:00:00+00:00,174.2044,2.0,1,TP
LTC-USDT-SWAP,2,VAR_B,2025-10-26 10:00:00+00:00,2025-10-26 11:00:00+00:00,-135.4589,-1.059,0,SL
LTC-USDT-SWAP,3,VAR_B,2025-12-27 11:00:00+00:00,2025-12-27 14:00:00+00:00,178.5099,2.0,1,TP
LTC-USDT-SWAP,3,VAR_B,2025-12-27 15:00:00+00:00,2025-12-27 21:00:00+00:00,178.2519,2.0,1,TP
LTC-USDT-SWAP,3,VAR_B,2026-01-10 14:00:00+00:00,2026-01-10 15:00:00+00:00,-133.5524,-1.0558,0,SL
LTC-USDT-SWAP,4,VAR_B,2026-02-14 12:00:00+00:00,2026-02-14 13:00:00+00:00,-123.7569,-1.0395,0,SL
LTC-USDT-SWAP,4,VAR_B,2026-02-14 14:00:00+00:00,2026-02-14 15:00:00+00:00,184.3381,2.0,1,TP
LTC-USDT-SWAP,4,VAR_B,2026-02-21 15:00:00+00:00,2026-02-21 20:00:00+00:00,-125.1553,-1.0418,0,SL
LTC-USDT-SWAP,4,VAR_B,2026-03-15 03:00:00+00:00,2026-03-15 18:00:00+00:00,-134.1911,-1.0569,0,SL
LTC-USDT-SWAP,4,VAR_B,2026-04-11 17:00:00+00:00,2026-04-11 18:00:00+00:00,170.5489,2.0,1,TP
LTC-USDT-SWAP,4,VAR_B,2026-04-21 14:00:00+00:00,2026-04-21 16:00:00+00:00,-135.383,-1.0589,0,SL
LTC-USDT-SWAP,4,VAR_B,2026-04-24 12:00:00+00:00,2026-04-24 14:00:00+00:00,-135.0107,-1.0583,0,SL
LTC-USDT-SWAP,4,VAR_B,2026-04-26 06:00:00+00:00,2026-04-26 14:00:00+00:00,-146.101,-1.0767,0,SL
LTC-USDT-SWAP,4,VAR_B,2026-04-26 15:00:00+00:00,2026-04-26 17:00:00+00:00,-149.1089,-1.0818,0,SL
LTC-USDT-SWAP,5,VAR_B,2026-05-10 09:00:00+00:00,2026-05-10 10:00:00+00:00,-137.7732,-1.0629,0,SL
LTC-USDT-SWAP,5,VAR_B,2026-05-10 14:00:00+00:00,2026-05-10 16:00:00+00:00,175.0254,2.0,1,TP
LTC-USDT-SWAP,5,VAR_B,2026-06-13 22:00:00+00:00,2026-06-14 07:00:00+00:00,-128.075,-1.0467,0,SL
LTC-USDT-SWAP,5,VAR_B,2026-06-21 05:00:00+00:00,2026-06-21 09:00:00+00:00,177.5634,2.0,1,TP
LTC-USDT-SWAP,5,VAR_B,2026-06-21 11:00:00+00:00,2026-06-21 15:00:00+00:00,178.606,2.0,1,TP
LTC-USDT-SWAP,5,VAR_B,2026-07-09 13:00:00+00:00,2026-07-10 00:00:00+00:00,-128.4858,-1.0474,0,SL
LTC-USDT-SWAP,5,VAR_B,2026-07-11 15:00:00+00:00,2026-07-11 23:00:00+00:00,-141.1559,-1.0685,0,SL
LTC-USDT-SWAP,5,VAR_B,2026-07-18 13:00:00+00:00,2026-07-18 14:00:00+00:00,177.5814,2.0,1,TP
LTC-USDT-SWAP,5,VAR_B,2026-07-22 14:00:00+00:00,2026-07-22 21:00:00+00:00,177.0002,2.0,1,TP
LTC-USDT-SWAP,5,VAR_B,2026-07-22 22:00:00+00:00,2026-07-22 23:00:00+00:00,-132.1605,-1.0535,0,SL
LTC-USDT-SWAP,5,VAR_B,2026-07-26 08:00:00+00:00,2026-07-26 13:00:00+00:00,170.8278,2.0,1,TP
BCH-USDT-SWAP,1,VAR_B,2025-05-12 01:00:00+00:00,2025-05-12 15:00:00+00:00,-114.9238,-1.0248,0,SL
BCH-USDT-SWAP,1,VAR_B,2025-05-27 14:00:00+00:00,2025-05-27 15:00:00+00:00,-122.0706,-1.0367,0,SL
BCH-USDT-SWAP,1,VAR_B,2025-05-28 09:00:00+00:00,2025-05-28 10:00:00+00:00,-123.1745,-1.0385,0,SL
BCH-USDT-SWAP,1,VAR_B,2025-06-08 11:00:00+00:00,2025-06-08 14:00:00+00:00,181.7236,2.0,1,TP
BCH-USDT-SWAP,1,VAR_B,2025-06-19 10:00:00+00:00,2025-06-19 12:00:00+00:00,189.4314,2.0,1,TP
BCH-USDT-SWAP,1,VAR_B,2025-06-21 18:00:00+00:00,2025-06-21 19:00:00+00:00,-117.8524,-1.0297,0,SL
BCH-USDT-SWAP,1,VAR_B,2025-06-27 07:00:00+00:00,2025-06-27 10:00:00+00:00,-116.9551,-1.0282,0,SL
BCH-USDT-SWAP,1,VAR_B,2025-06-27 16:00:00+00:00,2025-06-28 11:00:00+00:00,-117.657,-1.0293,0,SL
BCH-USDT-SWAP,2,VAR_B,2025-08-07 08:00:00+00:00,2025-08-07 09:00:00+00:00,-123.1443,-1.0385,0,SL
BCH-USDT-SWAP,2,VAR_B,2025-08-09 06:00:00+00:00,2025-08-09 08:00:00+00:00,-129.8821,-1.0497,0,SL
BCH-USDT-SWAP,2,VAR_B,2025-08-15 17:00:00+00:00,2025-08-16 15:00:00+00:00,-118.3191,-1.0304,0,SL
BCH-USDT-SWAP,2,VAR_B,2025-08-24 02:00:00+00:00,2025-08-24 03:00:00+00:00,-129.2532,-1.0487,0,SL
BCH-USDT-SWAP,2,VAR_B,2025-08-24 11:00:00+00:00,2025-08-24 13:00:00+00:00,-130.8936,-1.0514,0,SL
BCH-USDT-SWAP,2,VAR_B,2025-08-24 18:00:00+00:00,2025-08-24 19:00:00+00:00,-129.8207,-1.0496,0,SL
BCH-USDT-SWAP,2,VAR_B,2025-09-08 03:00:00+00:00,2025-09-08 05:00:00+00:00,-131.5789,-1.0525,0,SL
BCH-USDT-SWAP,2,VAR_B,2025-09-16 13:00:00+00:00,2025-09-16 16:00:00+00:00,178.21,2.0,1,TP
BCH-USDT-SWAP,2,VAR_B,2025-09-17 11:00:00+00:00,2025-09-17 14:00:00+00:00,-133.2873,-1.0554,0,SL
BCH-USDT-SWAP,2,VAR_B,2025-10-06 07:00:00+00:00,2025-10-07 01:00:00+00:00,-126.8167,-1.0446,0,SL
BCH-USDT-SWAP,3,VAR_B,2025-11-10 08:00:00+00:00,2025-11-10 09:00:00+00:00,186.9789,2.0,1,TP
BCH-USDT-SWAP,3,VAR_B,2025-11-26 06:00:00+00:00,2025-11-26 14:00:00+00:00,-118.6585,-1.031,0,SL
BCH-USDT-SWAP,3,VAR_B,2025-12-09 13:00:00+00:00,2025-12-09 16:00:00+00:00,185.7464,2.0,1,TP
BCH-USDT-SWAP,3,VAR_B,2025-12-14 01:00:00+00:00,2025-12-14 05:00:00+00:00,-123.5438,-1.0391,0,SL
BCH-USDT-SWAP,3,VAR_B,2025-12-21 10:00:00+00:00,2025-12-21 13:00:00+00:00,-118.3413,-1.0305,0,SL
BCH-USDT-SWAP,3,VAR_B,2025-12-31 12:00:00+00:00,2025-12-31 13:00:00+00:00,-128.8815,-1.048,0,SL
BCH-USDT-SWAP,3,VAR_B,2026-01-07 15:00:00+00:00,2026-01-07 16:00:00+00:00,-121.2187,-1.0353,0,SL
BCH-USDT-SWAP,3,VAR_B,2026-01-10 06:00:00+00:00,2026-01-10 21:00:00+00:00,184.3269,2.0,1,TP
BCH-USDT-SWAP,3,VAR_B,2026-01-10 22:00:00+00:00,2026-01-10 23:00:00+00:00,-130.0069,-1.0499,0,SL
BCH-USDT-SWAP,4,VAR_B,2026-02-21 15:00:00+00:00,2026-02-21 16:00:00+00:00,-122.4668,-1.0373,0,SL
BCH-USDT-SWAP,4,VAR_B,2026-02-22 04:00:00+00:00,2026-02-22 06:00:00+00:00,184.2444,2.0,1,TP
BCH-USDT-SWAP,4,VAR_B,2026-03-15 09:00:00+00:00,2026-03-15 13:00:00+00:00,-128.2947,-1.0471,0,SL
BCH-USDT-SWAP,4,VAR_B,2026-04-18 13:00:00+00:00,2026-04-18 19:00:00+00:00,-131.7027,-1.0527,0,SL
BCH-USDT-SWAP,4,VAR_B,2026-04-21 11:00:00+00:00,2026-04-21 12:00:00+00:00,-139.596,-1.0659,0,SL
BCH-USDT-SWAP,4,VAR_B,2026-04-26 06:00:00+00:00,2026-04-26 12:00:00+00:00,-155.2358,-1.092,0,SL
BCH-USDT-SWAP,5,VAR_B,2026-06-27 16:00:00+00:00,2026-06-27 17:00:00+00:00,-119.3176,-1.0321,0,SL
BCH-USDT-SWAP,5,VAR_B,2026-06-28 01:00:00+00:00,2026-06-28 03:00:00+00:00,-119.7641,-1.0328,0,SL
BCH-USDT-SWAP,5,VAR_B,2026-07-04 15:00:00+00:00,2026-07-04 22:00:00+00:00,186.7984,2.0,1,TP
BCH-USDT-SWAP,5,VAR_B,2026-07-10 02:00:00+00:00,2026-07-10 08:00:00+00:00,187.2838,2.0,1,TP
BCH-USDT-SWAP,5,VAR_B,2026-07-11 14:00:00+00:00,2026-07-11 16:00:00+00:00,-125.2418,-1.042,0,SL
BCH-USDT-SWAP,5,VAR_B,2026-07-11 17:00:00+00:00,2026-07-11 23:00:00+00:00,-122.4055,-1.0372,0,SL
DOGE-USDT-SWAP,1,VAR_B,2025-05-02 13:00:00+00:00,2025-05-02 15:00:00+00:00,-118.8355,-1.0313,0,SL
DOGE-USDT-SWAP,2,VAR_B,2025-08-17 14:00:00+00:00,2025-08-17 15:00:00+00:00,188.4763,2.0,1,TP
DOGE-USDT-SWAP,2,VAR_B,2025-10-24 13:00:00+00:00,2025-10-24 14:00:00+00:00,-119.2616,-1.032,0,SL
DOGE-USDT-SWAP,3,VAR_B,2025-11-26 16:00:00+00:00,2025-11-26 17:00:00+00:00,188.8481,2.0,1,TP
DOGE-USDT-SWAP,4,VAR_B,2026-03-15 03:00:00+00:00,2026-03-15 04:00:00+00:00,-121.4435,-1.0356,0,SL
DOGE-USDT-SWAP,4,VAR_B,2026-04-11 17:00:00+00:00,2026-04-11 18:00:00+00:00,-130.1039,-1.0501,0,SL
DOGE-USDT-SWAP,4,VAR_B,2026-04-11 19:00:00+00:00,2026-04-11 23:00:00+00:00,-127.5846,-1.0459,0,SL
DOGE-USDT-SWAP,4,VAR_B,2026-04-26 05:00:00+00:00,2026-04-26 11:00:00+00:00,177.3432,2.0,1,TP
DOGE-USDT-SWAP,5,VAR_B,2026-05-03 12:00:00+00:00,2026-05-03 17:00:00+00:00,-129.7166,-1.0494,0,SL
DOGE-USDT-SWAP,5,VAR_B,2026-05-10 03:00:00+00:00,2026-05-10 10:00:00+00:00,-127.5122,-1.0458,0,SL
DOGE-USDT-SWAP,5,VAR_B,2026-07-03 12:00:00+00:00,2026-07-03 15:00:00+00:00,185.1519,2.0,1,TP
DOGE-USDT-SWAP,5,VAR_B,2026-07-11 15:00:00+00:00,2026-07-11 22:00:00+00:00,-132.9297,-1.0548,0,SL
ADA-USDT-SWAP,1,VAR_B,2025-05-03 14:00:00+00:00,2025-05-03 15:00:00+00:00,187.0826,2.0,1,TP
ADA-USDT-SWAP,1,VAR_B,2025-05-23 01:00:00+00:00,2025-05-23 02:00:00+00:00,188.1598,2.0,1,TP
ADA-USDT-SWAP,1,VAR_B,2025-07-06 13:00:00+00:00,2025-07-06 21:00:00+00:00,181.9527,2.0,1,TP
ADA-USDT-SWAP,1,VAR_B,2025-07-26 17:00:00+00:00,2025-07-26 18:00:00+00:00,-117.3196,-1.0288,0,SL
ADA-USDT-SWAP,1,VAR_B,2025-07-27 06:00:00+00:00,2025-07-27 07:00:00+00:00,-119.1168,-1.0318,0,SL
ADA-USDT-SWAP,1,VAR_B,2025-07-27 11:00:00+00:00,2025-07-27 12:00:00+00:00,-118.0217,-1.0299,0,SL
ADA-USDT-SWAP,3,VAR_B,2026-01-09 14:00:00+00:00,2026-01-09 15:00:00+00:00,-116.2611,-1.027,0,SL
ADA-USDT-SWAP,4,VAR_B,2026-02-18 15:00:00+00:00,2026-02-18 18:00:00+00:00,-117.2344,-1.0286,0,SL
ADA-USDT-SWAP,4,VAR_B,2026-04-25 02:00:00+00:00,2026-04-25 15:00:00+00:00,-126.896,-1.0447,0,SL
ADA-USDT-SWAP,4,VAR_B,2026-04-26 10:00:00+00:00,2026-04-26 21:00:00+00:00,-130.4777,-1.0507,0,SL
ADA-USDT-SWAP,5,VAR_B,2026-05-02 15:00:00+00:00,2026-05-02 21:00:00+00:00,173.6457,2.0,1,TP
ADA-USDT-SWAP,5,VAR_B,2026-05-03 04:00:00+00:00,2026-05-03 11:00:00+00:00,174.5934,2.0,1,TP
ADA-USDT-SWAP,5,VAR_B,2026-05-10 14:00:00+00:00,2026-05-10 15:00:00+00:00,181.2702,2.0,1,TP
ADA-USDT-SWAP,5,VAR_B,2026-07-19 03:00:00+00:00,2026-07-19 04:00:00+00:00,-124.1623,-1.0402,0,SL
BNB-USDT-SWAP,1,VAR_B,2025-04-29 08:00:00+00:00,2025-04-29 09:00:00+00:00,-142.0576,-1.07,0,SL
BNB-USDT-SWAP,1,VAR_B,2025-05-16 17:00:00+00:00,2025-05-16 18:00:00+00:00,-126.9654,-1.0448,0,SL
BNB-USDT-SWAP,1,VAR_B,2025-05-18 14:00:00+00:00,2025-05-18 16:00:00+00:00,173.6383,2.0,1,TP
BNB-USDT-SWAP,1,VAR_B,2025-05-25 23:00:00+00:00,2025-05-26 16:00:00+00:00,176.3056,2.0,1,TP
BNB-USDT-SWAP,1,VAR_B,2025-05-26 17:00:00+00:00,2025-05-26 18:00:00+00:00,-139.0684,-1.065,0,SL
BNB-USDT-SWAP,1,VAR_B,2025-06-03 14:00:00+00:00,2025-06-03 20:00:00+00:00,-140.6942,-1.0677,0,SL
BNB-USDT-SWAP,1,VAR_B,2025-06-04 16:00:00+00:00,2025-06-04 17:00:00+00:00,-142.691,-1.0711,0,SL
BNB-USDT-SWAP,1,VAR_B,2025-06-26 01:00:00+00:00,2025-06-26 06:00:00+00:00,-143.3682,-1.0722,0,SL
BNB-USDT-SWAP,1,VAR_B,2025-06-28 07:00:00+00:00,2025-06-29 07:00:00+00:00,158.0205,2.0,1,TP
BNB-USDT-SWAP,1,VAR_B,2025-06-29 16:00:00+00:00,2025-06-29 21:00:00+00:00,-183.5888,-1.1598,0,SL
BNB-USDT-SWAP,1,VAR_B,2025-07-05 23:00:00+00:00,2025-07-06 02:00:00+00:00,-171.7253,-1.1195,0,SL
BNB-USDT-SWAP,1,VAR_B,2025-07-06 13:00:00+00:00,2025-07-06 14:00:00+00:00,146.4514,2.0,1,TP
BNB-USDT-SWAP,1,VAR_B,2025-07-26 22:00:00+00:00,2025-07-27 00:00:00+00:00,174.3625,2.0,1,TP
BNB-USDT-SWAP,2,VAR_B,2025-08-17 01:00:00+00:00,2025-08-17 09:00:00+00:00,180.5165,2.0,1,TP
BNB-USDT-SWAP,2,VAR_B,2025-08-27 15:00:00+00:00,2025-08-27 20:00:00+00:00,-128.5901,-1.0476,0,SL
BNB-USDT-SWAP,2,VAR_B,2025-08-31 17:00:00+00:00,2025-08-31 23:00:00+00:00,-151.2621,-1.0853,0,SL
BNB-USDT-SWAP,2,VAR_B,2025-09-06 11:00:00+00:00,2025-09-06 20:00:00+00:00,-149.6337,-1.0826,0,SL
BNB-USDT-SWAP,2,VAR_B,2025-10-26 10:00:00+00:00,2025-10-26 12:00:00+00:00,177.436,2.0,1,TP
BNB-USDT-SWAP,3,VAR_B,2025-12-06 14:00:00+00:00,2025-12-07 14:00:00+00:00,-130.9415,-1.0515,0,SL
BNB-USDT-SWAP,3,VAR_B,2026-01-02 01:00:00+00:00,2026-01-02 02:00:00+00:00,-152.1645,-1.0868,0,SL
BNB-USDT-SWAP,3,VAR_B,2026-01-02 04:00:00+00:00,2026-01-02 09:00:00+00:00,166.9641,2.0,1,TP
BNB-USDT-SWAP,3,VAR_B,2026-01-04 01:00:00+00:00,2026-01-04 04:00:00+00:00,166.012,2.0,1,TP
BNB-USDT-SWAP,3,VAR_B,2026-01-09 14:00:00+00:00,2026-01-09 15:00:00+00:00,-136.0386,-1.06,0,SL
BNB-USDT-SWAP,3,VAR_B,2026-01-10 16:00:00+00:00,2026-01-10 21:00:00+00:00,-136.9925,-1.0616,0,SL
BNB-USDT-SWAP,3,VAR_B,2026-01-17 10:00:00+00:00,2026-01-17 15:00:00+00:00,168.3785,2.0,1,TP
BNB-USDT-SWAP,4,VAR_B,2026-03-15 03:00:00+00:00,2026-03-15 09:00:00+00:00,171.0643,2.0,1,TP
BNB-USDT-SWAP,4,VAR_B,2026-04-11 19:00:00+00:00,2026-04-11 23:00:00+00:00,-145.7574,-1.0762,0,SL
BNB-USDT-SWAP,4,VAR_B,2026-04-21 09:00:00+00:00,2026-04-21 12:00:00+00:00,-137.8453,-1.063,0,SL
BNB-USDT-SWAP,4,VAR_B,2026-04-26 19:00:00+00:00,2026-04-26 22:00:00+00:00,158.9939,2.0,1,TP
BNB-USDT-SWAP,5,VAR_B,2026-05-10 09:00:00+00:00,2026-05-10 11:00:00+00:00,-155.8117,-1.0929,0,SL
BNB-USDT-SWAP,5,VAR_B,2026-06-12 15:00:00+00:00,2026-06-12 16:00:00+00:00,-128.3566,-1.0472,0,SL
BNB-USDT-SWAP,5,VAR_B,2026-06-13 15:00:00+00:00,2026-06-13 16:00:00+00:00,-139.811,-1.0663,0,SL
BNB-USDT-SWAP,5,VAR_B,2026-06-14 07:00:00+00:00,2026-06-14 14:00:00+00:00,-149.6492,-1.0827,0,SL
BNB-USDT-SWAP,5,VAR_B,2026-07-03 12:00:00+00:00,2026-07-03 14:00:00+00:00,-133.3143,-1.0554,0,SL
BNB-USDT-SWAP,5,VAR_B,2026-07-04 15:00:00+00:00,2026-07-05 01:00:00+00:00,-137.4706,-1.0624,0,SL
BNB-USDT-SWAP,5,VAR_B,2026-07-09 15:00:00+00:00,2026-07-09 23:00:00+00:00,-131.7059,-1.0527,0,SL
BNB-USDT-SWAP,5,VAR_B,2026-07-11 15:00:00+00:00,2026-07-11 16:00:00+00:00,-147.9305,-1.0798,0,SL
BNB-USDT-SWAP,5,VAR_B,2026-07-26 06:00:00+00:00,2026-07-26 16:00:00+00:00,151.2481,2.0,1,TP
DOT-USDT-SWAP,1,VAR_B,2025-05-01 15:00:00+00:00,2025-05-02 02:00:00+00:00,187.0018,2.0,1,TP
DOT-USDT-SWAP,2,VAR_B,2025-09-07 03:00:00+00:00,2025-09-07 12:00:00+00:00,178.4044,2.0,1,TP
DOT-USDT-SWAP,2,VAR_B,2025-09-12 13:00:00+00:00,2025-09-12 17:00:00+00:00,185.4325,2.0,1,TP
DOT-USDT-SWAP,3,VAR_B,2026-01-10 20:00:00+00:00,2026-01-10 21:00:00+00:00,-118.5976,-1.0309,0,SL
DOT-USDT-SWAP,3,VAR_B,2026-01-11 15:00:00+00:00,2026-01-11 16:00:00+00:00,-124.0056,-1.0399,0,SL
DOT-USDT-SWAP,3,VAR_B,2026-01-18 16:00:00+00:00,2026-01-18 23:00:00+00:00,-118.1587,-1.0302,0,SL
DOT-USDT-SWAP,4,VAR_B,2026-03-03 15:00:00+00:00,2026-03-03 16:00:00+00:00,192.7061,2.0,1,TP
DOT-USDT-SWAP,4,VAR_B,2026-03-12 16:00:00+00:00,2026-03-13 00:00:00+00:00,188.5984,2.0,1,TP
DOT-USDT-SWAP,4,VAR_B,2026-04-11 17:00:00+00:00,2026-04-11 18:00:00+00:00,-121.2073,-1.0352,0,SL
DOT-USDT-SWAP,4,VAR_B,2026-04-21 16:00:00+00:00,2026-04-21 17:00:00+00:00,-119.3673,-1.0322,0,SL
DOT-USDT-SWAP,4,VAR_B,2026-04-21 19:00:00+00:00,2026-04-21 20:00:00+00:00,-118.8393,-1.0313,0,SL
DOT-USDT-SWAP,5,VAR_B,2026-05-10 09:00:00+00:00,2026-05-10 10:00:00+00:00,-125.2366,-1.042,0,SL
DOT-USDT-SWAP,5,VAR_B,2026-05-10 14:00:00+00:00,2026-05-10 15:00:00+00:00,-125.2581,-1.042,0,SL
DOT-USDT-SWAP,5,VAR_B,2026-07-05 22:00:00+00:00,2026-07-06 00:00:00+00:00,-122.1121,-1.0368,0,SL
ARB-USDT-SWAP,1,VAR_B,2025-05-02 13:00:00+00:00,2025-05-02 19:00:00+00:00,-117.6123,-1.0293,0,SL
ARB-USDT-SWAP,1,VAR_B,2025-06-29 13:00:00+00:00,2025-06-29 14:00:00+00:00,-118.0852,-1.03,0,SL
ARB-USDT-SWAP,1,VAR_B,2025-07-27 11:00:00+00:00,2025-07-27 12:00:00+00:00,-115.909,-1.0264,0,SL
ARB-USDT-SWAP,3,VAR_B,2025-11-27 16:00:00+00:00,2025-11-28 01:00:00+00:00,-118.0402,-1.03,0,SL
ARB-USDT-SWAP,3,VAR_B,2025-12-28 00:00:00+00:00,2025-12-28 18:00:00+00:00,-120.9825,-1.0349,0,SL
ARB-USDT-SWAP,4,VAR_B,2026-02-14 15:00:00+00:00,2026-02-14 19:00:00+00:00,188.6689,2.0,1,TP
ARB-USDT-SWAP,4,VAR_B,2026-03-15 03:00:00+00:00,2026-03-15 04:00:00+00:00,-121.7597,-1.0362,0,SL
ARB-USDT-SWAP,4,VAR_B,2026-03-15 11:00:00+00:00,2026-03-15 13:00:00+00:00,-122.5494,-1.0375,0,SL
ARB-USDT-SWAP,4,VAR_B,2026-04-13 07:00:00+00:00,2026-04-13 08:00:00+00:00,-115.9109,-1.0264,0,SL
ARB-USDT-SWAP,4,VAR_B,2026-04-13 13:00:00+00:00,2026-04-13 14:00:00+00:00,-117.2717,-1.0287,0,SL
ARB-USDT-SWAP,4,VAR_B,2026-04-21 15:00:00+00:00,2026-04-21 17:00:00+00:00,-117.0806,-1.0284,0,SL
ARB-USDT-SWAP,4,VAR_B,2026-04-26 06:00:00+00:00,2026-04-26 17:00:00+00:00,-119.4773,-1.0324,0,SL
ARB-USDT-SWAP,5,VAR_B,2026-05-13 02:00:00+00:00,2026-05-13 09:00:00+00:00,189.0462,2.0,1,TP
ARB-USDT-SWAP,5,VAR_B,2026-07-03 03:00:00+00:00,2026-07-03 11:00:00+00:00,188.9788,2.0,1,TP
ARB-USDT-SWAP,5,VAR_B,2026-07-03 13:00:00+00:00,2026-07-03 14:00:00+00:00,-118.0861,-1.03,0,SL
ARB-USDT-SWAP,5,VAR_B,2026-07-04 16:00:00+00:00,2026-07-04 23:00:00+00:00,-120.7154,-1.0344,0,SL
ARB-USDT-SWAP,5,VAR_B,2026-07-14 13:00:00+00:00,2026-07-15 02:00:00+00:00,-112.0192,-1.0199,0,SL
OP-USDT-SWAP,1,VAR_B,2025-06-25 14:00:00+00:00,2025-06-25 15:00:00+00:00,-114.5189,-1.0241,0,SL
OP-USDT-SWAP,1,VAR_B,2025-06-29 10:00:00+00:00,2025-06-29 14:00:00+00:00,-122.8866,-1.038,0,SL
OP-USDT-SWAP,1,VAR_B,2025-07-27 03:00:00+00:00,2025-07-27 07:00:00+00:00,-114.5524,-1.0242,0,SL
OP-USDT-SWAP,1,VAR_B,2025-07-27 11:00:00+00:00,2025-07-27 12:00:00+00:00,-114.0215,-1.0233,0,SL
OP-USDT-SWAP,2,VAR_B,2025-09-06 15:00:00+00:00,2025-09-06 16:00:00+00:00,-121.6952,-1.0361,0,SL
OP-USDT-SWAP,2,VAR_B,2025-09-07 03:00:00+00:00,2025-09-07 09:00:00+00:00,-121.744,-1.0361,0,SL
OP-USDT-SWAP,2,VAR_B,2025-09-12 15:00:00+00:00,2025-09-12 17:00:00+00:00,187.9747,2.0,1,TP
OP-USDT-SWAP,3,VAR_B,2025-12-27 17:00:00+00:00,2025-12-27 20:00:00+00:00,-119.592,-1.0326,0,SL
OP-USDT-SWAP,3,VAR_B,2025-12-28 15:00:00+00:00,2025-12-28 16:00:00+00:00,-122.5661,-1.0375,0,SL
OP-USDT-SWAP,3,VAR_B,2026-01-09 14:00:00+00:00,2026-01-09 15:00:00+00:00,-114.0606,-1.0233,0,SL
OP-USDT-SWAP,3,VAR_B,2026-01-10 10:00:00+00:00,2026-01-10 12:00:00+00:00,189.1555,2.0,1,TP
OP-USDT-SWAP,3,VAR_B,2026-01-11 17:00:00+00:00,2026-01-11 20:00:00+00:00,-117.9053,-1.0297,0,SL
OP-USDT-SWAP,3,VAR_B,2026-01-18 06:00:00+00:00,2026-01-18 07:00:00+00:00,-115.8094,-1.0263,0,SL
OP-USDT-SWAP,3,VAR_B,2026-01-18 16:00:00+00:00,2026-01-18 23:00:00+00:00,-116.2091,-1.0269,0,SL
OP-USDT-SWAP,4,VAR_B,2026-02-14 16:00:00+00:00,2026-02-14 20:00:00+00:00,188.1571,2.0,1,TP
OP-USDT-SWAP,4,VAR_B,2026-03-05 11:00:00+00:00,2026-03-05 12:00:00+00:00,-112.5268,-1.0208,0,SL
OP-USDT-SWAP,4,VAR_B,2026-03-05 15:00:00+00:00,2026-03-05 16:00:00+00:00,-111.8481,-1.0196,0,SL
OP-USDT-SWAP,4,VAR_B,2026-04-20 21:00:00+00:00,2026-04-20 23:00:00+00:00,-114.5212,-1.0241,0,SL
OP-USDT-SWAP,4,VAR_B,2026-04-21 15:00:00+00:00,2026-04-21 17:00:00+00:00,-115.3659,-1.0255,0,SL
OP-USDT-SWAP,4,VAR_B,2026-04-27 01:00:00+00:00,2026-04-27 03:00:00+00:00,188.0477,2.0,1,TP
OP-USDT-SWAP,4,VAR_B,2026-04-27 04:00:00+00:00,2026-04-27 05:00:00+00:00,-117.4523,-1.029,0,SL
OP-USDT-SWAP,5,VAR_B,2026-05-10 14:00:00+00:00,2026-05-10 20:00:00+00:00,-113.5837,-1.0225,0,SL
OP-USDT-SWAP,5,VAR_B,2026-07-11 15:00:00+00:00,2026-07-11 20:00:00+00:00,185.8337,2.0,1,TP
OP-USDT-SWAP,5,VAR_B,2026-07-11 21:00:00+00:00,2026-07-11 22:00:00+00:00,-119.2947,-1.0321,0,SL
NEAR-USDT-SWAP,1,VAR_B,2025-04-30 10:00:00+00:00,2025-04-30 12:00:00+00:00,-115.0381,-1.025,0,SL
NEAR-USDT-SWAP,1,VAR_B,2025-06-25 14:00:00+00:00,2025-06-25 15:00:00+00:00,-114.5283,-1.0241,0,SL
NEAR-USDT-SWAP,1,VAR_B,2025-06-28 23:00:00+00:00,2025-06-29 01:00:00+00:00,-118.6734,-1.031,0,SL
NEAR-USDT-SWAP,1,VAR_B,2025-06-29 17:00:00+00:00,2025-06-29 19:00:00+00:00,185.1077,2.0,1,TP
NEAR-USDT-SWAP,1,VAR_B,2025-07-26 17:00:00+00:00,2025-07-26 18:00:00+00:00,-115.1788,-1.0252,0,SL
NEAR-USDT-SWAP,1,VAR_B,2025-07-27 11:00:00+00:00,2025-07-27 12:00:00+00:00,-117.191,-1.0286,0,SL
NEAR-USDT-SWAP,1,VAR_B,2025-07-27 13:00:00+00:00,2025-07-27 14:00:00+00:00,-116.3252,-1.0271,0,SL
NEAR-USDT-SWAP,2,VAR_B,2025-08-17 12:00:00+00:00,2025-08-17 13:00:00+00:00,-117.5524,-1.0292,0,SL
NEAR-USDT-SWAP,2,VAR_B,2025-09-07 14:00:00+00:00,2025-09-07 18:00:00+00:00,-129.4926,-1.0491,0,SL
NEAR-USDT-SWAP,2,VAR_B,2025-09-21 19:00:00+00:00,2025-09-22 00:00:00+00:00,-116.5943,-1.0276,0,SL
NEAR-USDT-SWAP,2,VAR_B,2025-10-25 19:00:00+00:00,2025-10-25 21:00:00+00:00,-122.3171,-1.0371,0,SL
NEAR-USDT-SWAP,2,VAR_B,2025-10-26 09:00:00+00:00,2025-10-26 11:00:00+00:00,183.9072,2.0,1,TP
NEAR-USDT-SWAP,3,VAR_B,2025-11-13 15:00:00+00:00,2025-11-13 16:00:00+00:00,-110.6172,-1.0176,0,SL
NEAR-USDT-SWAP,3,VAR_B,2025-12-27 16:00:00+00:00,2025-12-27 22:00:00+00:00,187.4304,2.0,1,TP
NEAR-USDT-SWAP,3,VAR_B,2026-01-11 01:00:00+00:00,2026-01-11 17:00:00+00:00,187.2245,2.0,1,TP
NEAR-USDT-SWAP,4,VAR_B,2026-02-17 13:00:00+00:00,2026-02-17 14:00:00+00:00,-117.3671,-1.0288,0,SL
NEAR-USDT-SWAP,4,VAR_B,2026-03-06 15:00:00+00:00,2026-03-06 17:00:00+00:00,-111.0758,-1.0184,0,SL
NEAR-USDT-SWAP,4,VAR_B,2026-03-15 02:00:00+00:00,2026-03-15 03:00:00+00:00,186.2523,2.0,1,TP
NEAR-USDT-SWAP,4,VAR_B,2026-04-04 13:00:00+00:00,2026-04-04 15:00:00+00:00,184.7336,2.0,1,TP
NEAR-USDT-SWAP,4,VAR_B,2026-04-11 17:00:00+00:00,2026-04-11 18:00:00+00:00,187.7625,2.0,1,TP
NEAR-USDT-SWAP,4,VAR_B,2026-04-21 11:00:00+00:00,2026-04-21 12:00:00+00:00,-119.6225,-1.0326,0,SL
NEAR-USDT-SWAP,4,VAR_B,2026-04-24 11:00:00+00:00,2026-04-24 22:00:00+00:00,-123.184,-1.0385,0,SL
NEAR-USDT-SWAP,4,VAR_B,2026-04-26 04:00:00+00:00,2026-04-26 07:00:00+00:00,178.2327,2.0,1,TP
NEAR-USDT-SWAP,5,VAR_B,2026-05-10 17:00:00+00:00,2026-05-10 19:00:00+00:00,186.6768,2.0,1,TP
ATOM-USDT-SWAP,1,VAR_B,2025-04-29 15:00:00+00:00,2025-04-29 20:00:00+00:00,-118.7085,-1.0311,0,SL
ATOM-USDT-SWAP,1,VAR_B,2025-06-29 17:00:00+00:00,2025-06-29 21:00:00+00:00,177.9631,2.0,1,TP
ATOM-USDT-SWAP,1,VAR_B,2025-07-16 15:00:00+00:00,2025-07-16 18:00:00+00:00,188.677,2.0,1,TP
ATOM-USDT-SWAP,1,VAR_B,2025-07-21 13:00:00+00:00,2025-07-21 16:00:00+00:00,-115.6588,-1.026,0,SL
ATOM-USDT-SWAP,2,VAR_B,2025-09-18 18:00:00+00:00,2025-09-19 01:00:00+00:00,183.398,2.0,1,TP
ATOM-USDT-SWAP,3,VAR_B,2025-12-27 12:00:00+00:00,2025-12-27 13:00:00+00:00,-126.836,-1.0446,0,SL
ATOM-USDT-SWAP,3,VAR_B,2025-12-27 16:00:00+00:00,2025-12-27 23:00:00+00:00,181.3906,2.0,1,TP
ATOM-USDT-SWAP,3,VAR_B,2026-01-11 17:00:00+00:00,2026-01-11 20:00:00+00:00,-115.8839,-1.0264,0,SL
ATOM-USDT-SWAP,3,VAR_B,2026-01-12 02:00:00+00:00,2026-01-12 03:00:00+00:00,189.5095,2.0,1,TP
ATOM-USDT-SWAP,3,VAR_B,2026-01-13 14:00:00+00:00,2026-01-13 15:00:00+00:00,188.2759,2.0,1,TP
ATOM-USDT-SWAP,4,VAR_B,2026-03-13 10:00:00+00:00,2026-03-13 13:00:00+00:00,182.636,2.0,1,TP
ATOM-USDT-SWAP,4,VAR_B,2026-03-14 22:00:00+00:00,2026-03-15 00:00:00+00:00,-126.4286,-1.044,0,SL
ATOM-USDT-SWAP,4,VAR_B,2026-03-15 14:00:00+00:00,2026-03-15 15:00:00+00:00,-128.7648,-1.0478,0,SL
ATOM-USDT-SWAP,4,VAR_B,2026-03-15 23:00:00+00:00,2026-03-16 03:00:00+00:00,181.196,2.0,1,TP
ATOM-USDT-SWAP,4,VAR_B,2026-04-05 03:00:00+00:00,2026-04-05 05:00:00+00:00,-132.8759,-1.0547,0,SL
ATOM-USDT-SWAP,4,VAR_B,2026-04-11 19:00:00+00:00,2026-04-12 01:00:00+00:00,-124.6139,-1.0409,0,SL
ATOM-USDT-SWAP,5,VAR_B,2026-04-29 10:00:00+00:00,2026-04-29 11:00:00+00:00,-131.3943,-1.0522,0,SL
ATOM-USDT-SWAP,5,VAR_B,2026-07-04 18:00:00+00:00,2026-07-04 23:00:00+00:00,-125.0793,-1.0417,0,SL
SUI-USDT-SWAP,1,VAR_B,2025-05-18 14:00:00+00:00,2025-05-18 17:00:00+00:00,-113.3755,-1.0222,0,SL
SUI-USDT-SWAP,1,VAR_B,2025-05-21 14:00:00+00:00,2025-05-21 16:00:00+00:00,190.9783,2.0,1,TP
SUI-USDT-SWAP,1,VAR_B,2025-06-07 14:00:00+00:00,2025-06-07 15:00:00+00:00,-116.9093,-1.0281,0,SL
SUI-USDT-SWAP,1,VAR_B,2025-07-06 09:00:00+00:00,2025-07-06 13:00:00+00:00,183.511,2.0,1,TP
SUI-USDT-SWAP,1,VAR_B,2025-07-06 14:00:00+00:00,2025-07-06 15:00:00+00:00,-121.964,-1.0365,0,SL
SUI-USDT-SWAP,2,VAR_B,2025-08-17 09:00:00+00:00,2025-08-17 16:00:00+00:00,185.59,2.0,1,TP
SUI-USDT-SWAP,2,VAR_B,2025-09-06 17:00:00+00:00,2025-09-06 19:00:00+00:00,-126.2582,-1.0437,0,SL
SUI-USDT-SWAP,2,VAR_B,2025-09-07 09:00:00+00:00,2025-09-07 18:00:00+00:00,-132.1003,-1.0534,0,SL
SUI-USDT-SWAP,2,VAR_B,2025-10-04 14:00:00+00:00,2025-10-04 15:00:00+00:00,-119.9668,-1.0332,0,SL
SUI-USDT-SWAP,2,VAR_B,2025-10-04 23:00:00+00:00,2025-10-05 00:00:00+00:00,-120.725,-1.0344,0,SL
SUI-USDT-SWAP,3,VAR_B,2025-12-14 01:00:00+00:00,2025-12-14 05:00:00+00:00,-118.8902,-1.0314,0,SL
SUI-USDT-SWAP,3,VAR_B,2025-12-14 11:00:00+00:00,2025-12-14 14:00:00+00:00,-119.6963,-1.0327,0,SL
SUI-USDT-SWAP,3,VAR_B,2026-01-09 14:00:00+00:00,2026-01-09 15:00:00+00:00,-112.6821,-1.021,0,SL
SUI-USDT-SWAP,3,VAR_B,2026-01-10 10:00:00+00:00,2026-01-10 13:00:00+00:00,-114.4557,-1.024,0,SL
SUI-USDT-SWAP,3,VAR_B,2026-01-10 16:00:00+00:00,2026-01-10 17:00:00+00:00,-115.8674,-1.0263,0,SL
SUI-USDT-SWAP,3,VAR_B,2026-01-11 17:00:00+00:00,2026-01-11 20:00:00+00:00,-120.2088,-1.0336,0,SL
SUI-USDT-SWAP,4,VAR_B,2026-03-15 03:00:00+00:00,2026-03-15 04:00:00+00:00,-121.3142,-1.0354,0,SL
SUI-USDT-SWAP,4,VAR_B,2026-04-11 17:00:00+00:00,2026-04-11 19:00:00+00:00,183.8372,2.0,1,TP
SUI-USDT-SWAP,4,VAR_B,2026-04-11 20:00:00+00:00,2026-04-11 21:00:00+00:00,-121.9386,-1.0365,0,SL
SUI-USDT-SWAP,5,VAR_B,2026-05-14 14:00:00+00:00,2026-05-14 20:00:00+00:00,-112.72,-1.0211,0,SL
SUI-USDT-SWAP,5,VAR_B,2026-07-03 12:00:00+00:00,2026-07-03 19:00:00+00:00,187.2993,2.0,1,TP
SUI-USDT-SWAP,5,VAR_B,2026-07-04 16:00:00+00:00,2026-07-04 17:00:00+00:00,-119.4458,-1.0323,0,SL
SUI-USDT-SWAP,5,VAR_B,2026-07-05 22:00:00+00:00,2026-07-06 00:00:00+00:00,-119.6547,-1.0327,0,SL
SUI-USDT-SWAP,5,VAR_B,2026-07-19 10:00:00+00:00,2026-07-19 17:00:00+00:00,-131.2547,-1.052,0,SL
APT-USDT-SWAP,1,VAR_B,2025-05-01 11:00:00+00:00,2025-05-02 04:00:00+00:00,-117.2877,-1.0287,0,SL
APT-USDT-SWAP,1,VAR_B,2025-07-20 02:00:00+00:00,2025-07-20 09:00:00+00:00,191.2875,2.0,1,TP
APT-USDT-SWAP,2,VAR_B,2025-08-24 09:00:00+00:00,2025-08-24 10:00:00+00:00,-120.6616,-1.0343,0,SL
APT-USDT-SWAP,2,VAR_B,2025-09-13 10:00:00+00:00,2025-09-13 13:00:00+00:00,-126.2946,-1.0437,0,SL
APT-USDT-SWAP,3,VAR_B,2025-11-02 09:00:00+00:00,2025-11-02 10:00:00+00:00,-117.7768,-1.0295,0,SL
APT-USDT-SWAP,3,VAR_B,2025-12-21 09:00:00+00:00,2025-12-21 10:00:00+00:00,-116.1272,-1.0268,0,SL
APT-USDT-SWAP,3,VAR_B,2026-01-04 14:00:00+00:00,2026-01-04 16:00:00+00:00,187.0545,2.0,1,TP
APT-USDT-SWAP,4,VAR_B,2026-04-19 12:00:00+00:00,2026-04-19 13:00:00+00:00,188.028,2.0,1,TP
APT-USDT-SWAP,4,VAR_B,2026-04-21 16:00:00+00:00,2026-04-21 17:00:00+00:00,-119.0864,-1.0317,0,SL
APT-USDT-SWAP,4,VAR_B,2026-04-26 05:00:00+00:00,2026-04-26 08:00:00+00:00,183.322,2.0,1,TP
APT-USDT-SWAP,5,VAR_B,2026-05-10 09:00:00+00:00,2026-05-10 12:00:00+00:00,-117.3654,-1.0288,0,SL
APT-USDT-SWAP,5,VAR_B,2026-06-21 17:00:00+00:00,2026-06-21 21:00:00+00:00,-117.0951,-1.0284,0,SL
APT-USDT-SWAP,5,VAR_B,2026-07-03 15:00:00+00:00,2026-07-03 16:00:00+00:00,-121.1948,-1.0352,0,SL
APT-USDT-SWAP,5,VAR_B,2026-07-10 09:00:00+00:00,2026-07-10 14:00:00+00:00,-117.58,-1.0292,0,SL
APT-USDT-SWAP,5,VAR_B,2026-07-11 11:00:00+00:00,2026-07-11 13:00:00+00:00,183.9739,2.0,1,TP
APT-USDT-SWAP,5,VAR_B,2026-07-11 14:00:00+00:00,2026-07-11 23:00:00+00:00,-123.0495,-1.0383,0,SL
WIF-USDT-SWAP,1,VAR_B,2025-06-29 10:00:00+00:00,2025-06-29 13:00:00+00:00,191.9349,2.0,1,TP
WIF-USDT-SWAP,1,VAR_B,2025-07-06 09:00:00+00:00,2025-07-06 13:00:00+00:00,191.3864,2.0,1,TP
WIF-USDT-SWAP,1,VAR_B,2025-07-09 13:00:00+00:00,2025-07-09 18:00:00+00:00,190.656,2.0,1,TP
WIF-USDT-SWAP,1,VAR_B,2025-07-20 02:00:00+00:00,2025-07-20 13:00:00+00:00,193.4837,2.0,1,TP
WIF-USDT-SWAP,1,VAR_B,2025-08-24 03:00:00+00:00,2025-08-24 05:00:00+00:00,-114.9987,-1.0249,0,SL
WIF-USDT-SWAP,2,VAR_B,2025-09-07 02:00:00+00:00,2025-09-07 09:00:00+00:00,-120.0157,-1.0333,0,SL
WIF-USDT-SWAP,2,VAR_B,2025-09-07 12:00:00+00:00,2025-09-07 15:00:00+00:00,-120.6528,-1.0343,0,SL
WIF-USDT-SWAP,3,VAR_B,2025-11-28 03:00:00+00:00,2025-11-28 08:00:00+00:00,189.9556,2.0,1,TP
WIF-USDT-SWAP,3,VAR_B,2025-12-14 08:00:00+00:00,2025-12-14 11:00:00+00:00,-119.1439,-1.0318,0,SL
WIF-USDT-SWAP,3,VAR_B,2026-01-08 15:00:00+00:00,2026-01-09 01:00:00+00:00,-109.3786,-1.0155,0,SL
WIF-USDT-SWAP,3,VAR_B,2026-01-09 10:00:00+00:00,2026-01-09 14:00:00+00:00,-111.7883,-1.0195,0,SL
WIF-USDT-SWAP,3,VAR_B,2026-01-09 16:00:00+00:00,2026-01-10 03:00:00+00:00,-110.8751,-1.018,0,SL
WIF-USDT-SWAP,3,VAR_B,2026-01-11 13:00:00+00:00,2026-01-11 15:00:00+00:00,-118.7435,-1.0311,0,SL
WIF-USDT-SWAP,4,VAR_B,2026-03-21 12:00:00+00:00,2026-03-21 23:00:00+00:00,-116.2802,-1.027,0,SL
WIF-USDT-SWAP,4,VAR_B,2026-03-26 14:00:00+00:00,2026-03-26 17:00:00+00:00,-115.382,-1.0255,0,SL
WIF-USDT-SWAP,4,VAR_B,2026-04-11 17:00:00+00:00,2026-04-11 19:00:00+00:00,188.334,2.0,1,TP
WIF-USDT-SWAP,4,VAR_B,2026-05-03 14:00:00+00:00,2026-05-04 01:00:00+00:00,186.9076,2.0,1,TP
WIF-USDT-SWAP,5,VAR_B,2026-05-10 16:00:00+00:00,2026-05-10 17:00:00+00:00,187.8572,2.0,1,TP
WIF-USDT-SWAP,5,VAR_B,2026-07-03 12:00:00+00:00,2026-07-03 14:00:00+00:00,-113.1453,-1.0218,0,SL
WIF-USDT-SWAP,5,VAR_B,2026-07-03 15:00:00+00:00,2026-07-03 21:00:00+00:00,191.5698,2.0,1,TP
WIF-USDT-SWAP,5,VAR_B,2026-07-05 22:00:00+00:00,2026-07-06 05:00:00+00:00,-114.7994,-1.0246,0,SL
PEPE-USDT-SWAP,1,VAR_B,2025-04-30 12:00:00+00:00,2025-04-30 13:00:00+00:00,-113.7171,-1.0228,0,SL
PEPE-USDT-SWAP,1,VAR_B,2025-05-01 11:00:00+00:00,2025-05-01 13:00:00+00:00,-114.3359,-1.0238,0,SL
PEPE-USDT-SWAP,1,VAR_B,2025-05-01 15:00:00+00:00,2025-05-01 18:00:00+00:00,-113.2927,-1.0221,0,SL
PEPE-USDT-SWAP,1,VAR_B,2025-05-28 13:00:00+00:00,2025-05-28 14:00:00+00:00,-111.8636,-1.0197,0,SL
PEPE-USDT-SWAP,1,VAR_B,2025-06-25 14:00:00+00:00,2025-06-25 15:00:00+00:00,-111.8299,-1.0196,0,SL
PEPE-USDT-SWAP,2,VAR_B,2025-09-07 12:00:00+00:00,2025-09-07 18:00:00+00:00,-126.623,-1.0443,0,SL
PEPE-USDT-SWAP,3,VAR_B,2025-12-27 12:00:00+00:00,2025-12-27 16:00:00+00:00,183.1724,2.0,1,TP
PEPE-USDT-SWAP,3,VAR_B,2025-12-27 17:00:00+00:00,2025-12-27 18:00:00+00:00,-122.4457,-1.0373,0,SL
PEPE-USDT-SWAP,3,VAR_B,2025-12-31 15:00:00+00:00,2025-12-31 16:00:00+00:00,-122.9671,-1.0382,0,SL
PEPE-USDT-SWAP,3,VAR_B,2026-01-09 14:00:00+00:00,2026-01-09 15:00:00+00:00,-109.7674,-1.0162,0,SL
PEPE-USDT-SWAP,3,VAR_B,2026-01-09 16:00:00+00:00,2026-01-09 17:00:00+00:00,193.9747,2.0,1,TP
PEPE-USDT-SWAP,4,VAR_B,2026-02-18 15:00:00+00:00,2026-02-18 18:00:00+00:00,-114.5438,-1.0241,0,SL
PEPE-USDT-SWAP,4,VAR_B,2026-04-19 13:00:00+00:00,2026-04-19 15:00:00+00:00,-115.3521,-1.0255,0,SL
PEPE-USDT-SWAP,4,VAR_B,2026-04-26 04:00:00+00:00,2026-04-26 06:00:00+00:00,184.1445,2.0,1,TP
PEPE-USDT-SWAP,4,VAR_B,2026-04-26 07:00:00+00:00,2026-04-26 21:00:00+00:00,-122.2549,-1.037,0,SL
PEPE-USDT-SWAP,5,VAR_B,2026-05-02 16:00:00+00:00,2026-05-02 18:00:00+00:00,-125.9761,-1.0432,0,SL
PEPE-USDT-SWAP,5,VAR_B,2026-05-09 17:00:00+00:00,2026-05-10 01:00:00+00:00,-119.0522,-1.0317,0,SL
PEPE-USDT-SWAP,5,VAR_B,2026-05-10 16:00:00+00:00,2026-05-10 17:00:00+00:00,183.4008,2.0,1,TP
PEPE-USDT-SWAP,5,VAR_B,2026-07-10 02:00:00+00:00,2026-07-10 10:00:00+00:00,188.3964,2.0,1,TP
PEPE-USDT-SWAP,5,VAR_B,2026-07-19 07:00:00+00:00,2026-07-19 08:00:00+00:00,183.8099,2.0,1,TP
ENA-USDT-SWAP,1,VAR_B,2026-03-15 03:00:00+00:00,2026-03-15 06:00:00+00:00,-118.739,-1.0311,0,SL
ENA-USDT-SWAP,1,VAR_B,2026-03-15 09:00:00+00:00,2026-03-15 13:00:00+00:00,-119.63,-1.0326,0,SL
ENA-USDT-SWAP,2,VAR_B,2026-04-15 00:00:00+00:00,2026-04-15 07:00:00+00:00,-113.2399,-1.022,0,SL
ENA-USDT-SWAP,2,VAR_B,2026-04-20 12:00:00+00:00,2026-04-20 16:00:00+00:00,-110.7897,-1.0179,0,SL
ENA-USDT-SWAP,2,VAR_B,2026-04-21 18:00:00+00:00,2026-04-21 19:00:00+00:00,-111.1639,-1.0185,0,SL
ENA-USDT-SWAP,2,VAR_B,2026-04-22 15:00:00+00:00,2026-04-22 19:00:00+00:00,-113.1751,-1.0219,0,SL
ENA-USDT-SWAP,3,VAR_B,2026-05-10 17:00:00+00:00,2026-05-10 18:00:00+00:00,191.1095,2.0,1,TP
ENA-USDT-SWAP,4,VAR_B,2026-06-20 15:00:00+00:00,2026-06-21 08:00:00+00:00,193.3375,2.0,1,TP
ENA-USDT-SWAP,5,VAR_B,2026-07-03 15:00:00+00:00,2026-07-04 07:00:00+00:00,-113.4223,-1.0223,0,SL
ENA-USDT-SWAP,5,VAR_B,2026-07-04 15:00:00+00:00,2026-07-04 22:00:00+00:00,-115.3648,-1.0255,0,SL
ENA-USDT-SWAP,5,VAR_B,2026-07-10 02:00:00+00:00,2026-07-10 14:00:00+00:00,-114.6357,-1.0243,0,SL
ENA-USDT-SWAP,5,VAR_B,2026-07-26 03:00:00+00:00,2026-07-26 06:00:00+00:00,-127.619,-1.0459,0,SL
ENA-USDT-SWAP,5,VAR_B,2026-07-26 07:00:00+00:00,2026-07-26 08:00:00+00:00,-125.4123,-1.0423,0,SL
UNI-USDT-SWAP,1,VAR_B,2025-06-08 12:00:00+00:00,2025-06-09 02:00:00+00:00,-117.4273,-1.0289,0,SL
UNI-USDT-SWAP,1,VAR_B,2025-07-07 14:00:00+00:00,2025-07-07 15:00:00+00:00,-116.4983,-1.0274,0,SL
UNI-USDT-SWAP,1,VAR_B,2025-07-13 13:00:00+00:00,2025-07-13 14:00:00+00:00,189.9078,2.0,1,TP
UNI-USDT-SWAP,1,VAR_B,2025-07-13 15:00:00+00:00,2025-07-13 21:00:00+00:00,-114.0122,-1.0233,0,SL
UNI-USDT-SWAP,1,VAR_B,2025-07-20 02:00:00+00:00,2025-07-20 03:00:00+00:00,192.1505,2.0,1,TP
UNI-USDT-SWAP,1,VAR_B,2025-07-26 23:00:00+00:00,2025-07-27 09:00:00+00:00,-115.5798,-1.0259,0,SL
UNI-USDT-SWAP,2,VAR_B,2025-08-17 09:00:00+00:00,2025-08-17 13:00:00+00:00,-115.9472,-1.0265,0,SL
UNI-USDT-SWAP,2,VAR_B,2025-10-05 05:00:00+00:00,2025-10-05 08:00:00+00:00,186.4978,2.0,1,TP
UNI-USDT-SWAP,3,VAR_B,2025-12-27 16:00:00+00:00,2025-12-27 22:00:00+00:00,-119.7533,-1.0328,0,SL
UNI-USDT-SWAP,4,VAR_B,2026-02-18 13:00:00+00:00,2026-02-18 14:00:00+00:00,-116.4756,-1.0274,0,SL
UNI-USDT-SWAP,4,VAR_B,2026-02-18 15:00:00+00:00,2026-02-18 18:00:00+00:00,-115.135,-1.0251,0,SL
UNI-USDT-SWAP,4,VAR_B,2026-03-05 10:00:00+00:00,2026-03-05 16:00:00+00:00,-113.0544,-1.0217,0,SL
UNI-USDT-SWAP,4,VAR_B,2026-03-12 10:00:00+00:00,2026-03-12 14:00:00+00:00,-119.5676,-1.0325,0,SL
UNI-USDT-SWAP,4,VAR_B,2026-03-13 00:00:00+00:00,2026-03-13 01:00:00+00:00,187.0967,2.0,1,TP
UNI-USDT-SWAP,4,VAR_B,2026-03-15 03:00:00+00:00,2026-03-15 05:00:00+00:00,-124.1207,-1.0401,0,SL
UNI-USDT-SWAP,5,VAR_B,2026-05-02 22:00:00+00:00,2026-05-03 00:00:00+00:00,-133.8285,-1.0563,0,SL
UNI-USDT-SWAP,5,VAR_B,2026-05-13 10:00:00+00:00,2026-05-13 11:00:00+00:00,-120.3689,-1.0339,0,SL
UNI-USDT-SWAP,5,VAR_B,2026-06-20 15:00:00+00:00,2026-06-21 01:00:00+00:00,-111.4624,-1.019,0,SL
UNI-USDT-SWAP,5,VAR_B,2026-06-21 10:00:00+00:00,2026-06-21 11:00:00+00:00,-114.9255,-1.0248,0,SL
UNI-USDT-SWAP,5,VAR_B,2026-06-27 16:00:00+00:00,2026-06-27 19:00:00+00:00,-115.9752,-1.0265,0,SL
UNI-USDT-SWAP,5,VAR_B,2026-07-11 11:00:00+00:00,2026-07-11 12:00:00+00:00,189.9758,2.0,1,TP
UNI-USDT-SWAP,5,VAR_B,2026-07-19 04:00:00+00:00,2026-07-19 07:00:00+00:00,-121.0576,-1.035,0,SL
FIL-USDT-SWAP,1,VAR_B,2025-05-01 11:00:00+00:00,2025-05-01 13:00:00+00:00,-117.5809,-1.0292,0,SL
FIL-USDT-SWAP,2,VAR_B,2025-08-17 12:00:00+00:00,2025-08-17 15:00:00+00:00,183.8483,2.0,1,TP
FIL-USDT-SWAP,2,VAR_B,2025-09-06 17:00:00+00:00,2025-09-06 19:00:00+00:00,-124.7261,-1.0411,0,SL
FIL-USDT-SWAP,2,VAR_B,2025-09-07 03:00:00+00:00,2025-09-07 05:00:00+00:00,182.1382,2.0,1,TP
FIL-USDT-SWAP,2,VAR_B,2025-09-19 01:00:00+00:00,2025-09-19 02:00:00+00:00,-120.8616,-1.0347,0,SL
FIL-USDT-SWAP,3,VAR_B,2025-12-20 22:00:00+00:00,2025-12-20 23:00:00+00:00,187.1635,2.0,1,TP
FIL-USDT-SWAP,3,VAR_B,2026-01-09 14:00:00+00:00,2026-01-09 15:00:00+00:00,-113.6922,-1.0227,0,SL
FIL-USDT-SWAP,3,VAR_B,2026-01-10 20:00:00+00:00,2026-01-10 21:00:00+00:00,-118.2884,-1.0304,0,SL
FIL-USDT-SWAP,3,VAR_B,2026-01-11 10:00:00+00:00,2026-01-11 15:00:00+00:00,-122.1133,-1.0368,0,SL
FIL-USDT-SWAP,3,VAR_B,2026-01-17 09:00:00+00:00,2026-01-17 14:00:00+00:00,190.2313,2.0,1,TP
FIL-USDT-SWAP,4,VAR_B,2026-03-05 09:00:00+00:00,2026-03-05 10:00:00+00:00,-114.4507,-1.024,0,SL
FIL-USDT-SWAP,4,VAR_B,2026-04-11 17:00:00+00:00,2026-04-11 18:00:00+00:00,-122.3673,-1.0372,0,SL
FIL-USDT-SWAP,4,VAR_B,2026-04-26 05:00:00+00:00,2026-04-26 06:00:00+00:00,181.0016,2.0,1,TP
FIL-USDT-SWAP,5,VAR_B,2026-06-21 11:00:00+00:00,2026-06-21 12:00:00+00:00,-119.2375,-1.032,0,SL
FIL-USDT-SWAP,5,VAR_B,2026-07-03 12:00:00+00:00,2026-07-03 14:00:00+00:00,188.5508,2.0,1,TP
FIL-USDT-SWAP,5,VAR_B,2026-07-04 16:00:00+00:00,2026-07-04 20:00:00+00:00,-118.4317,-1.0306,0,SL
FIL-USDT-SWAP,5,VAR_B,2026-07-05 23:00:00+00:00,2026-07-06 00:00:00+00:00,-119.3731,-1.0322,0,SL
