sym,fold,env,entry_time,exit_time,pnl,r_multiple,win,exit_type,holding_bars
BTC-USDT-SWAP,1,E08,2025-05-01T15:00:00.000,2025-05-01T23:00:00.000,-130.4519,-1.0507,0,SL,8
BTC-USDT-SWAP,1,E08,2025-05-08T22:00:00.000,2025-05-10T23:00:00.000,184.7563,2.0,1,TP,49
BTC-USDT-SWAP,1,E08,2025-05-21T15:00:00.000,2025-05-21T17:00:00.000,-123.191,-1.0386,0,SL,2
BTC-USDT-SWAP,1,E08,2025-07-10T18:00:00.000,2025-07-10T19:00:00.000,-136.4256,-1.0606,0,SL,1
BTC-USDT-SWAP,1,E08,2025-07-10T22:00:00.000,2025-07-11T00:00:00.000,-125.0094,-1.0416,0,SL,2
BTC-USDT-SWAP,2,E08,2025-10-01T15:00:00.000,2025-10-01T23:00:00.000,175.1399,2.0,1,TP,8
BTC-USDT-SWAP,2,E08,2025-10-02T16:00:00.000,2025-10-03T08:00:00.000,-134.1828,-1.0569,0,SL,16
BTC-USDT-SWAP,3,E08,2025-12-04T16:00:00.000,2025-12-04T17:00:00.000,-122.6287,-1.0376,0,SL,1
BTC-USDT-SWAP,3,E08,2026-01-14T16:00:00.000,2026-01-15T02:00:00.000,-126.5679,-1.0442,0,SL,10
BTC-USDT-SWAP,4,E08,2026-02-25T18:00:00.000,2026-02-25T21:00:00.000,187.4223,2.0,1,TP,3
BTC-USDT-SWAP,4,E08,2026-03-05T15:00:00.000,2026-03-05T16:00:00.000,-117.2659,-1.0287,0,SL,1
BTC-USDT-SWAP,4,E08,2026-04-09T15:00:00.000,2026-04-09T16:00:00.000,181.301,2.0,1,TP,1
BTC-USDT-SWAP,4,E08,2026-04-15T20:00:00.000,2026-04-16T00:00:00.000,-126.2253,-1.0436,0,SL,4
BTC-USDT-SWAP,4,E08,2026-04-22T15:00:00.000,2026-04-22T20:00:00.000,-128.2609,-1.047,0,SL,5
BTC-USDT-SWAP,4,E08,2026-04-23T15:00:00.000,2026-04-23T17:00:00.000,-128.8743,-1.048,0,SL,2
ETH-USDT-SWAP,1,E08,2025-05-01T15:00:00.000,2025-05-02T05:00:00.000,-119.4691,-1.0324,0,SL,14
ETH-USDT-SWAP,1,E08,2025-05-08T15:00:00.000,2025-05-08T16:00:00.000,189.5969,2.0,1,TP,1
ETH-USDT-SWAP,1,E08,2025-05-08T20:00:00.000,2025-05-08T21:00:00.000,191.8577,2.0,1,TP,1
ETH-USDT-SWAP,1,E08,2025-05-15T17:00:00.000,2025-05-15T18:00:00.000,-111.0281,-1.0183,0,SL,1
ETH-USDT-SWAP,1,E08,2025-06-11T16:00:00.000,2025-06-11T17:00:00.000,-115.1693,-1.0252,0,SL,1
ETH-USDT-SWAP,1,E08,2025-07-02T17:00:00.000,2025-07-02T19:00:00.000,186.4457,2.0,1,TP,2
ETH-USDT-SWAP,1,E08,2025-07-09T20:00:00.000,2025-07-09T21:00:00.000,-117.804,-1.0296,0,SL,1
ETH-USDT-SWAP,1,E08,2025-07-10T18:00:00.000,2025-07-10T21:00:00.000,186.0804,2.0,1,TP,3
ETH-USDT-SWAP,1,E08,2025-07-16T15:00:00.000,2025-07-16T17:00:00.000,188.9869,2.0,1,TP,2
ETH-USDT-SWAP,1,E08,2025-07-16T18:00:00.000,2025-07-16T20:00:00.000,189.8781,2.0,1,TP,2
ETH-USDT-SWAP,2,E08,2025-10-02T16:00:00.000,2025-10-03T03:00:00.000,186.8027,2.0,1,TP,11
ETH-USDT-SWAP,3,E08,2025-12-04T16:00:00.000,2025-12-04T17:00:00.000,-115.9058,-1.0264,0,SL,1
ETH-USDT-SWAP,4,E08,2026-02-25T16:00:00.000,2026-02-25T17:00:00.000,189.9879,2.0,1,TP,1
ETH-USDT-SWAP,4,E08,2026-02-25T18:00:00.000,2026-02-25T21:00:00.000,190.5438,2.0,1,TP,3
ETH-USDT-SWAP,4,E08,2026-03-04T15:00:00.000,2026-03-04T16:00:00.000,191.5113,2.0,1,TP,1
ETH-USDT-SWAP,4,E08,2026-03-04T20:00:00.000,2026-03-04T21:00:00.000,-111.4607,-1.019,0,SL,1
ETH-USDT-SWAP,4,E08,2026-03-05T15:00:00.000,2026-03-05T16:00:00.000,-112.8548,-1.0213,0,SL,1
ETH-USDT-SWAP,4,E08,2026-04-15T20:00:00.000,2026-04-15T21:00:00.000,-121.4235,-1.0356,0,SL,1
ETH-USDT-SWAP,5,E08,2026-07-22T17:00:00.000,2026-07-22T18:00:00.000,-123.0511,-1.0383,0,SL,1
SOL-USDT-SWAP,1,E08,2025-07-10T18:00:00.000,2025-07-10T19:00:00.000,-119.0617,-1.0317,0,SL,1
SOL-USDT-SWAP,1,E08,2025-07-10T22:00:00.000,2025-07-11T00:00:00.000,-117.03,-1.0283,0,SL,2
SOL-USDT-SWAP,1,E08,2025-07-16T18:00:00.000,2025-07-17T01:00:00.000,-115.5939,-1.0259,0,SL,7
SOL-USDT-SWAP,2,E08,2025-08-13T16:00:00.000,2025-08-14T00:00:00.000,192.0376,2.0,1,TP,8
SOL-USDT-SWAP,2,E08,2025-08-27T21:00:00.000,2025-08-27T22:00:00.000,-111.6638,-1.0193,0,SL,1
SOL-USDT-SWAP,2,E08,2025-09-18T18:00:00.000,2025-09-18T19:00:00.000,-118.3389,-1.0305,0,SL,1
SOL-USDT-SWAP,2,E08,2025-10-02T16:00:00.000,2025-10-02T18:00:00.000,189.0308,2.0,1,TP,2
SOL-USDT-SWAP,3,E08,2025-11-26T19:00:00.000,2025-11-26T20:00:00.000,-112.9769,-1.0215,0,SL,1
SOL-USDT-SWAP,3,E08,2026-01-14T16:00:00.000,2026-01-14T18:00:00.000,-117.7488,-1.0295,0,SL,2
SOL-USDT-SWAP,4,E08,2026-03-04T15:00:00.000,2026-03-04T19:00:00.000,192.6085,2.0,1,TP,4
SOL-USDT-SWAP,4,E08,2026-03-05T15:00:00.000,2026-03-05T16:00:00.000,-111.9549,-1.0198,0,SL,1
SOL-USDT-SWAP,4,E08,2026-04-16T19:00:00.000,2026-04-17T01:00:00.000,-115.3423,-1.0255,0,SL,6
SOL-USDT-SWAP,5,E08,2026-07-01T15:00:00.000,2026-07-01T22:00:00.000,190.2076,2.0,1,TP,7
LINK-USDT-SWAP,1,E08,2025-05-08T21:00:00.000,2025-05-08T22:00:00.000,-113.6678,-1.0227,0,SL,1
LINK-USDT-SWAP,1,E08,2025-07-10T18:00:00.000,2025-07-10T21:00:00.000,187.5653,2.0,1,TP,3
LINK-USDT-SWAP,1,E08,2025-07-10T22:00:00.000,2025-07-11T05:00:00.000,189.0051,2.0,1,TP,7
LINK-USDT-SWAP,2,E08,2025-08-07T17:00:00.000,2025-08-07T20:00:00.000,190.4594,2.0,1,TP,3
LINK-USDT-SWAP,2,E08,2025-08-20T15:00:00.000,2025-08-20T21:00:00.000,194.7239,2.0,1,TP,6
LINK-USDT-SWAP,3,E08,2026-01-14T16:00:00.000,2026-01-14T18:00:00.000,-118.7109,-1.0311,0,SL,2
LINK-USDT-SWAP,4,E08,2026-02-25T16:00:00.000,2026-02-25T21:00:00.000,190.8818,2.0,1,TP,5
LINK-USDT-SWAP,4,E08,2026-03-05T15:00:00.000,2026-03-05T16:00:00.000,-113.7093,-1.0228,0,SL,1
LINK-USDT-SWAP,4,E08,2026-04-16T19:00:00.000,2026-04-16T21:00:00.000,-114.669,-1.0244,0,SL,2
LINK-USDT-SWAP,5,E08,2026-05-06T15:00:00.000,2026-05-07T01:00:00.000,-117.5756,-1.0292,0,SL,10
LINK-USDT-SWAP,5,E08,2026-05-14T17:00:00.000,2026-05-14T20:00:00.000,-115.7969,-1.0262,0,SL,3
AVAX-USDT-SWAP,1,E08,2025-05-08T21:00:00.000,2025-05-09T06:00:00.000,190.8616,2.0,1,TP,9
AVAX-USDT-SWAP,1,E08,2025-05-22T15:00:00.000,2025-05-22T21:00:00.000,-110.391,-1.0172,0,SL,6
AVAX-USDT-SWAP,1,E08,2025-07-09T21:00:00.000,2025-07-10T12:00:00.000,188.9707,2.0,1,TP,15
AVAX-USDT-SWAP,1,E08,2025-07-10T18:00:00.000,2025-07-10T19:00:00.000,-118.1757,-1.0302,0,SL,1
AVAX-USDT-SWAP,1,E08,2025-07-10T22:00:00.000,2025-07-11T04:00:00.000,189.3019,2.0,1,TP,6
AVAX-USDT-SWAP,1,E08,2025-07-16T19:00:00.000,2025-07-17T01:00:00.000,-113.5947,-1.0226,0,SL,6
AVAX-USDT-SWAP,2,E08,2025-09-18T18:00:00.000,2025-09-18T22:00:00.000,191.4293,2.0,1,TP,4
AVAX-USDT-SWAP,3,E08,2026-01-01T20:00:00.000,2026-01-01T21:00:00.000,-118.4182,-1.0306,0,SL,1
AVAX-USDT-SWAP,3,E08,2026-01-14T17:00:00.000,2026-01-14T18:00:00.000,-119.7635,-1.0328,0,SL,1
XRP-USDT-SWAP,1,E08,2025-07-10T16:00:00.000,2025-07-10T17:00:00.000,185.9615,2.0,1,TP,1
XRP-USDT-SWAP,1,E08,2025-07-10T18:00:00.000,2025-07-10T21:00:00.000,186.6162,2.0,1,TP,3
XRP-USDT-SWAP,1,E08,2025-07-16T19:00:00.000,2025-07-17T01:00:00.000,-113.8521,-1.023,0,SL,6
XRP-USDT-SWAP,1,E08,2025-07-17T22:00:00.000,2025-07-18T00:00:00.000,193.8949,2.0,1,TP,2
XRP-USDT-SWAP,2,E08,2025-10-02T17:00:00.000,2025-10-03T00:00:00.000,-118.5934,-1.0309,0,SL,7
XRP-USDT-SWAP,3,E08,2025-11-13T15:00:00.000,2025-11-13T16:00:00.000,-111.9695,-1.0199,0,SL,1
XRP-USDT-SWAP,3,E08,2025-11-26T18:00:00.000,2025-11-27T03:00:00.000,-115.248,-1.0253,0,SL,9
XRP-USDT-SWAP,4,E08,2026-02-25T18:00:00.000,2026-02-25T22:00:00.000,-115.2675,-1.0253,0,SL,4
XRP-USDT-SWAP,4,E08,2026-04-15T20:00:00.000,2026-04-15T21:00:00.000,-123.7536,-1.0395,0,SL,1
LTC-USDT-SWAP,1,E08,2025-05-01T16:00:00.000,2025-05-01T18:00:00.000,187.3607,2.0,1,TP,2
LTC-USDT-SWAP,1,E08,2025-07-09T21:00:00.000,2025-07-10T16:00:00.000,183.4365,2.0,1,TP,19
LTC-USDT-SWAP,1,E08,2025-07-10T18:00:00.000,2025-07-10T21:00:00.000,183.5604,2.0,1,TP,3
LTC-USDT-SWAP,1,E08,2025-07-10T22:00:00.000,2025-07-11T00:00:00.000,-121.2444,-1.0353,0,SL,2
LTC-USDT-SWAP,1,E08,2025-07-16T18:00:00.000,2025-07-16T19:00:00.000,-115.5181,-1.0258,0,SL,1
LTC-USDT-SWAP,1,E08,2025-07-23T15:00:00.000,2025-07-23T17:00:00.000,-109.7076,-1.0161,0,SL,2
LTC-USDT-SWAP,2,E08,2025-08-06T16:00:00.000,2025-08-07T04:00:00.000,190.2519,2.0,1,TP,12
LTC-USDT-SWAP,4,E08,2026-02-25T15:00:00.000,2026-02-25T17:00:00.000,189.8779,2.0,1,TP,2
LTC-USDT-SWAP,4,E08,2026-04-16T19:00:00.000,2026-04-16T20:00:00.000,-119.8451,-1.033,0,SL,1
BCH-USDT-SWAP,1,E08,2025-06-26T15:00:00.000,2025-06-27T00:00:00.000,-114.6311,-1.0243,0,SL,9
BCH-USDT-SWAP,2,E08,2025-09-03T17:00:00.000,2025-09-04T02:00:00.000,-113.5539,-1.0225,0,SL,9
BCH-USDT-SWAP,5,E08,2026-07-01T15:00:00.000,2026-07-01T23:00:00.000,-111.4515,-1.019,0,SL,8
DOGE-USDT-SWAP,1,E08,2025-05-08T17:00:00.000,2025-05-08T20:00:00.000,190.4957,2.0,1,TP,3
DOGE-USDT-SWAP,1,E08,2025-07-09T21:00:00.000,2025-07-10T00:00:00.000,-113.06,-1.0217,0,SL,3
DOGE-USDT-SWAP,1,E08,2025-07-10T18:00:00.000,2025-07-10T21:00:00.000,188.7722,2.0,1,TP,3
DOGE-USDT-SWAP,1,E08,2025-07-10T22:00:00.000,2025-07-11T02:00:00.000,190.1785,2.0,1,TP,4
DOGE-USDT-SWAP,1,E08,2025-07-16T22:00:00.000,2025-07-16T23:00:00.000,-110.3298,-1.0171,0,SL,1
DOGE-USDT-SWAP,2,E08,2025-10-02T17:00:00.000,2025-10-02T21:00:00.000,190.1876,2.0,1,TP,4
DOGE-USDT-SWAP,4,E08,2026-03-04T17:00:00.000,2026-03-04T19:00:00.000,192.683,2.0,1,TP,2
DOGE-USDT-SWAP,4,E08,2026-04-16T19:00:00.000,2026-04-17T02:00:00.000,-113.4566,-1.0223,0,SL,7
ADA-USDT-SWAP,1,E08,2025-05-08T21:00:00.000,2025-05-08T22:00:00.000,-113.1199,-1.0218,0,SL,1
ADA-USDT-SWAP,1,E08,2025-07-02T17:00:00.000,2025-07-02T23:00:00.000,-115.9585,-1.0265,0,SL,6
ADA-USDT-SWAP,1,E08,2025-07-10T18:00:00.000,2025-07-10T21:00:00.000,190.2514,2.0,1,TP,3
ADA-USDT-SWAP,1,E08,2025-07-10T22:00:00.000,2025-07-11T02:00:00.000,190.796,2.0,1,TP,4
ADA-USDT-SWAP,1,E08,2025-07-16T18:00:00.000,2025-07-17T01:00:00.000,-112.5049,-1.0207,0,SL,7
ADA-USDT-SWAP,3,E08,2026-01-14T15:00:00.000,2026-01-14T18:00:00.000,-114.4713,-1.024,0,SL,3
ADA-USDT-SWAP,4,E08,2026-02-25T15:00:00.000,2026-02-25T16:00:00.000,190.4514,2.0,1,TP,1
ADA-USDT-SWAP,4,E08,2026-02-25T17:00:00.000,2026-02-25T19:00:00.000,190.8052,2.0,1,TP,2
ADA-USDT-SWAP,5,E08,2026-07-22T17:00:00.000,2026-07-22T18:00:00.000,-115.0453,-1.025,0,SL,1
BNB-USDT-SWAP,1,E08,2025-05-21T17:00:00.000,2025-05-21T18:00:00.000,-124.8493,-1.0413,0,SL,1
BNB-USDT-SWAP,1,E08,2025-07-16T19:00:00.000,2025-07-17T00:00:00.000,182.3324,2.0,1,TP,5
BNB-USDT-SWAP,2,E08,2025-08-20T20:00:00.000,2025-08-21T05:00:00.000,-118.2391,-1.0303,0,SL,9
BNB-USDT-SWAP,2,E08,2025-09-10T15:00:00.000,2025-09-10T16:00:00.000,-134.8873,-1.0581,0,SL,1
BNB-USDT-SWAP,2,E08,2025-10-02T16:00:00.000,2025-10-02T19:00:00.000,185.2049,2.0,1,TP,3
BNB-USDT-SWAP,3,E08,2025-11-26T19:00:00.000,2025-11-27T12:00:00.000,-121.2449,-1.0353,0,SL,17
BNB-USDT-SWAP,3,E08,2026-01-14T16:00:00.000,2026-01-15T01:00:00.000,-126.8893,-1.0447,0,SL,9
BNB-USDT-SWAP,4,E08,2026-04-15T20:00:00.000,2026-04-15T21:00:00.000,-134.1766,-1.0569,0,SL,1
BNB-USDT-SWAP,5,E08,2026-05-13T15:00:00.000,2026-05-13T16:00:00.000,-123.1603,-1.0385,0,SL,1
BNB-USDT-SWAP,5,E08,2026-05-14T15:00:00.000,2026-05-14T17:00:00.000,182.4728,2.0,1,TP,2
DOT-USDT-SWAP,1,E08,2025-05-22T16:00:00.000,2025-05-23T02:00:00.000,190.6935,2.0,1,TP,10
DOT-USDT-SWAP,1,E08,2025-07-02T17:00:00.000,2025-07-02T22:00:00.000,188.1621,2.0,1,TP,5
DOT-USDT-SWAP,1,E08,2025-07-09T20:00:00.000,2025-07-10T10:00:00.000,187.8077,2.0,1,TP,14
DOT-USDT-SWAP,1,E08,2025-07-10T17:00:00.000,2025-07-10T21:00:00.000,187.8755,2.0,1,TP,4
DOT-USDT-SWAP,1,E08,2025-07-10T22:00:00.000,2025-07-11T02:00:00.000,189.7931,2.0,1,TP,4
DOT-USDT-SWAP,1,E08,2025-07-17T21:00:00.000,2025-07-17T22:00:00.000,192.506,2.0,1,TP,1
DOT-USDT-SWAP,2,E08,2025-10-02T16:00:00.000,2025-10-02T18:00:00.000,188.8047,2.0,1,TP,2
DOT-USDT-SWAP,3,E08,2026-01-01T17:00:00.000,2026-01-01T18:00:00.000,187.8799,2.0,1,TP,1
DOT-USDT-SWAP,3,E08,2026-01-01T19:00:00.000,2026-01-01T22:00:00.000,189.241,2.0,1,TP,3
DOT-USDT-SWAP,4,E08,2026-02-25T16:00:00.000,2026-02-25T17:00:00.000,194.3746,2.0,1,TP,1
DOT-USDT-SWAP,4,E08,2026-02-25T21:00:00.000,2026-02-26T00:00:00.000,-107.0827,-1.0117,0,SL,3
DOT-USDT-SWAP,5,E08,2026-05-14T18:00:00.000,2026-05-14T22:00:00.000,-114.7703,-1.0245,0,SL,4
ARB-USDT-SWAP,1,E08,2025-05-08T21:00:00.000,2025-05-08T22:00:00.000,-113.378,-1.0222,0,SL,1
ARB-USDT-SWAP,1,E08,2025-07-09T20:00:00.000,2025-07-10T07:00:00.000,190.2362,2.0,1,TP,11
ARB-USDT-SWAP,1,E08,2025-07-10T17:00:00.000,2025-07-10T21:00:00.000,190.9576,2.0,1,TP,4
ARB-USDT-SWAP,1,E08,2025-07-10T22:00:00.000,2025-07-11T01:00:00.000,191.7859,2.0,1,TP,3
ARB-USDT-SWAP,1,E08,2025-07-16T15:00:00.000,2025-07-16T16:00:00.000,-108.8638,-1.0147,0,SL,1
ARB-USDT-SWAP,2,E08,2025-08-13T17:00:00.000,2025-08-13T21:00:00.000,194.703,2.0,1,TP,4
ARB-USDT-SWAP,3,E08,2026-01-14T15:00:00.000,2026-01-14T18:00:00.000,-114.5997,-1.0242,0,SL,3
ARB-USDT-SWAP,4,E08,2026-04-08T21:00:00.000,2026-04-08T22:00:00.000,189.7258,2.0,1,TP,1
ARB-USDT-SWAP,4,E08,2026-04-09T22:00:00.000,2026-04-10T01:00:00.000,191.7079,2.0,1,TP,3
ARB-USDT-SWAP,4,E08,2026-04-15T16:00:00.000,2026-04-15T23:00:00.000,-114.7131,-1.0244,0,SL,7
ARB-USDT-SWAP,4,E08,2026-04-16T16:00:00.000,2026-04-16T17:00:00.000,-110.1433,-1.0168,0,SL,1
ARB-USDT-SWAP,4,E08,2026-04-22T18:00:00.000,2026-04-22T19:00:00.000,-115.1904,-1.0252,0,SL,1
OP-USDT-SWAP,1,E08,2025-07-09T20:00:00.000,2025-07-09T22:00:00.000,191.0992,2.0,1,TP,2
OP-USDT-SWAP,1,E08,2025-07-10T17:00:00.000,2025-07-10T20:00:00.000,190.9791,2.0,1,TP,3
OP-USDT-SWAP,1,E08,2025-07-10T22:00:00.000,2025-07-11T01:00:00.000,192.1596,2.0,1,TP,3
OP-USDT-SWAP,4,E08,2026-04-15T18:00:00.000,2026-04-16T07:00:00.000,191.309,2.0,1,TP,13
OP-USDT-SWAP,5,E08,2026-05-06T15:00:00.000,2026-05-06T17:00:00.000,191.4163,2.0,1,TP,2
OP-USDT-SWAP,5,E08,2026-05-06T21:00:00.000,2026-05-06T22:00:00.000,192.156,2.0,1,TP,1
NEAR-USDT-SWAP,1,E08,2025-05-22T16:00:00.000,2025-05-23T11:00:00.000,-109.8728,-1.0164,0,SL,19
NEAR-USDT-SWAP,1,E08,2025-07-09T20:00:00.000,2025-07-10T07:00:00.000,189.3986,2.0,1,TP,11
NEAR-USDT-SWAP,1,E08,2025-07-10T18:00:00.000,2025-07-10T21:00:00.000,189.4307,2.0,1,TP,3
NEAR-USDT-SWAP,1,E08,2025-07-10T22:00:00.000,2025-07-11T00:00:00.000,-114.1647,-1.0235,0,SL,2
NEAR-USDT-SWAP,1,E08,2025-07-16T18:00:00.000,2025-07-16T23:00:00.000,-111.0629,-1.0183,0,SL,5
NEAR-USDT-SWAP,2,E08,2025-08-13T16:00:00.000,2025-08-13T21:00:00.000,191.4421,2.0,1,TP,5
NEAR-USDT-SWAP,2,E08,2025-09-18T19:00:00.000,2025-09-18T23:00:00.000,-111.5944,-1.0192,0,SL,4
NEAR-USDT-SWAP,4,E08,2026-02-25T16:00:00.000,2026-02-25T17:00:00.000,192.129,2.0,1,TP,1
NEAR-USDT-SWAP,4,E08,2026-02-25T18:00:00.000,2026-02-25T19:00:00.000,192.5485,2.0,1,TP,1
NEAR-USDT-SWAP,4,E08,2026-02-25T21:00:00.000,2026-02-25T22:00:00.000,-109.2902,-1.0154,0,SL,1
NEAR-USDT-SWAP,4,E08,2026-04-09T16:00:00.000,2026-04-09T17:00:00.000,-113.4895,-1.0224,0,SL,1
NEAR-USDT-SWAP,5,E08,2026-05-06T17:00:00.000,2026-05-06T22:00:00.000,-108.7948,-1.0146,0,SL,5
NEAR-USDT-SWAP,5,E08,2026-05-21T21:00:00.000,2026-05-22T01:00:00.000,194.936,2.0,1,TP,4
NEAR-USDT-SWAP,5,E08,2026-05-27T20:00:00.000,2026-05-27T21:00:00.000,-106.4206,-1.0106,0,SL,1
ATOM-USDT-SWAP,1,E08,2025-05-08T21:00:00.000,2025-05-08T22:00:00.000,-118.9648,-1.0315,0,SL,1
ATOM-USDT-SWAP,1,E08,2025-05-22T16:00:00.000,2025-05-23T02:00:00.000,189.8788,2.0,1,TP,10
ATOM-USDT-SWAP,1,E08,2025-07-02T17:00:00.000,2025-07-02T23:00:00.000,-119.3413,-1.0321,0,SL,6
ATOM-USDT-SWAP,1,E08,2025-07-09T20:00:00.000,2025-07-10T17:00:00.000,185.787,2.0,1,TP,21
ATOM-USDT-SWAP,1,E08,2025-07-10T18:00:00.000,2025-07-10T21:00:00.000,186.2912,2.0,1,TP,3
ATOM-USDT-SWAP,1,E08,2025-07-10T22:00:00.000,2025-07-11T01:00:00.000,187.9213,2.0,1,TP,3
ATOM-USDT-SWAP,3,E08,2026-01-07T15:00:00.000,2026-01-07T16:00:00.000,-111.5248,-1.0191,0,SL,1
ATOM-USDT-SWAP,3,E08,2026-01-08T15:00:00.000,2026-01-08T16:00:00.000,-111.9918,-1.0199,0,SL,1
ATOM-USDT-SWAP,4,E08,2026-02-18T15:00:00.000,2026-02-18T16:00:00.000,191.7218,2.0,1,TP,1
ATOM-USDT-SWAP,4,E08,2026-02-18T17:00:00.000,2026-02-18T18:00:00.000,-110.3844,-1.0172,0,SL,1
ATOM-USDT-SWAP,4,E08,2026-04-08T16:00:00.000,2026-04-08T18:00:00.000,-118.3864,-1.0305,0,SL,2
ATOM-USDT-SWAP,5,E08,2026-06-11T18:00:00.000,2026-06-12T12:00:00.000,-108.9859,-1.0149,0,SL,18
SUI-USDT-SWAP,1,E08,2025-07-10T17:00:00.000,2025-07-10T18:00:00.000,191.0061,2.0,1,TP,1
SUI-USDT-SWAP,3,E08,2026-01-08T16:00:00.000,2026-01-09T01:00:00.000,-109.2301,-1.0153,0,SL,9
SUI-USDT-SWAP,4,E08,2026-02-25T19:00:00.000,2026-02-25T21:00:00.000,191.8774,2.0,1,TP,2
SUI-USDT-SWAP,4,E08,2026-03-04T20:00:00.000,2026-03-04T22:00:00.000,-109.5501,-1.0158,0,SL,2
APT-USDT-SWAP,1,E08,2025-05-22T16:00:00.000,2025-05-23T01:00:00.000,191.3429,2.0,1,TP,9
APT-USDT-SWAP,1,E08,2025-06-25T18:00:00.000,2025-06-26T04:00:00.000,-108.2362,-1.0136,0,SL,10
APT-USDT-SWAP,1,E08,2025-06-26T21:00:00.000,2025-06-26T22:00:00.000,-110.683,-1.0177,0,SL,1
APT-USDT-SWAP,1,E08,2025-07-10T22:00:00.000,2025-07-11T00:00:00.000,-115.8464,-1.0263,0,SL,2
APT-USDT-SWAP,2,E08,2025-09-18T18:00:00.000,2025-09-18T19:00:00.000,-120.5689,-1.0342,0,SL,1
APT-USDT-SWAP,3,E08,2026-01-01T16:00:00.000,2026-01-01T17:00:00.000,188.4929,2.0,1,TP,1
APT-USDT-SWAP,3,E08,2026-01-01T18:00:00.000,2026-01-01T22:00:00.000,189.2141,2.0,1,TP,4
APT-USDT-SWAP,3,E08,2026-01-14T16:00:00.000,2026-01-14T18:00:00.000,-112.7761,-1.0212,0,SL,2
APT-USDT-SWAP,4,E08,2026-02-25T16:00:00.000,2026-02-25T17:00:00.000,192.4047,2.0,1,TP,1
APT-USDT-SWAP,4,E08,2026-04-15T16:00:00.000,2026-04-15T17:00:00.000,189.2469,2.0,1,TP,1
WIF-USDT-SWAP,1,E08,2025-06-11T15:00:00.000,2025-06-11T17:00:00.000,-107.9277,-1.0131,0,SL,2
WIF-USDT-SWAP,1,E08,2025-07-02T17:00:00.000,2025-07-02T20:00:00.000,193.2044,2.0,1,TP,3
WIF-USDT-SWAP,1,E08,2025-07-09T21:00:00.000,2025-07-09T23:00:00.000,193.4333,2.0,1,TP,2
WIF-USDT-SWAP,1,E08,2025-07-10T17:00:00.000,2025-07-10T21:00:00.000,193.1777,2.0,1,TP,4
WIF-USDT-SWAP,1,E08,2025-07-10T22:00:00.000,2025-07-11T06:00:00.000,-108.6631,-1.0143,0,SL,8
WIF-USDT-SWAP,4,E08,2026-03-04T17:00:00.000,2026-03-04T18:00:00.000,-108.9079,-1.0147,0,SL,1
PEPE-USDT-SWAP,1,E08,2025-05-08T15:00:00.000,2025-05-08T16:00:00.000,193.5452,2.0,1,TP,1
PEPE-USDT-SWAP,1,E08,2025-05-08T17:00:00.000,2025-05-08T18:00:00.000,194.4092,2.0,1,TP,1
PEPE-USDT-SWAP,1,E08,2025-05-08T21:00:00.000,2025-05-08T22:00:00.000,-106.8395,-1.0113,0,SL,1
PEPE-USDT-SWAP,1,E08,2025-05-14T18:00:00.000,2025-05-15T01:00:00.000,-107.372,-1.0122,0,SL,7
PEPE-USDT-SWAP,1,E08,2025-07-09T20:00:00.000,2025-07-09T21:00:00.000,192.315,2.0,1,TP,1
PEPE-USDT-SWAP,1,E08,2025-07-10T17:00:00.000,2025-07-10T20:00:00.000,192.7595,2.0,1,TP,3
PEPE-USDT-SWAP,1,E08,2025-07-10T22:00:00.000,2025-07-11T02:00:00.000,193.8708,2.0,1,TP,4
PEPE-USDT-SWAP,3,E08,2026-01-01T18:00:00.000,2026-01-01T19:00:00.000,189.9929,2.0,1,TP,1
PEPE-USDT-SWAP,3,E08,2026-01-01T20:00:00.000,2026-01-01T22:00:00.000,191.2795,2.0,1,TP,2
PEPE-USDT-SWAP,4,E08,2026-04-16T17:00:00.000,2026-04-16T19:00:00.000,194.1113,2.0,1,TP,2
ENA-USDT-SWAP,2,E08,2026-04-09T16:00:00.000,2026-04-09T22:00:00.000,191.6874,2.0,1,TP,6
ENA-USDT-SWAP,2,E08,2026-04-16T18:00:00.000,2026-04-16T19:00:00.000,194.0374,2.0,1,TP,1
ENA-USDT-SWAP,2,E08,2026-04-16T20:00:00.000,2026-04-17T01:00:00.000,-108.0724,-1.0134,0,SL,5
ENA-USDT-SWAP,4,E08,2026-06-03T15:00:00.000,2026-06-03T18:00:00.000,-105.0065,-1.0082,0,SL,3
ENA-USDT-SWAP,5,E08,2026-07-22T17:00:00.000,2026-07-22T23:00:00.000,-112.728,-1.0211,0,SL,6
UNI-USDT-SWAP,1,E08,2025-05-08T21:00:00.000,2025-05-08T23:00:00.000,193.4847,2.0,1,TP,2
UNI-USDT-SWAP,1,E08,2025-05-29T15:00:00.000,2025-05-29T16:00:00.000,-107.6909,-1.0127,0,SL,1
UNI-USDT-SWAP,1,E08,2025-07-02T17:00:00.000,2025-07-03T01:00:00.000,-110.9471,-1.0181,0,SL,8
UNI-USDT-SWAP,1,E08,2025-07-16T17:00:00.000,2025-07-16T23:00:00.000,-108.8589,-1.0147,0,SL,6
UNI-USDT-SWAP,3,E08,2025-11-13T15:00:00.000,2025-11-13T16:00:00.000,-105.9144,-1.0098,0,SL,1
UNI-USDT-SWAP,3,E08,2025-11-13T19:00:00.000,2025-11-13T20:00:00.000,-105.3768,-1.0089,0,SL,1
UNI-USDT-SWAP,4,E08,2026-02-11T15:00:00.000,2026-02-11T16:00:00.000,-105.4878,-1.009,0,SL,1
UNI-USDT-SWAP,4,E08,2026-02-25T16:00:00.000,2026-02-25T18:00:00.000,193.6581,2.0,1,TP,2
UNI-USDT-SWAP,5,E08,2026-07-22T16:00:00.000,2026-07-22T23:00:00.000,-114.3287,-1.0238,0,SL,7
FIL-USDT-SWAP,1,E08,2025-05-22T16:00:00.000,2025-05-23T02:00:00.000,190.3079,2.0,1,TP,10
FIL-USDT-SWAP,1,E08,2025-07-02T17:00:00.000,2025-07-02T23:00:00.000,-115.1622,-1.0252,0,SL,6
FIL-USDT-SWAP,1,E08,2025-07-09T20:00:00.000,2025-07-10T17:00:00.000,188.1612,2.0,1,TP,21
FIL-USDT-SWAP,1,E08,2025-07-10T18:00:00.000,2025-07-10T21:00:00.000,187.956,2.0,1,TP,3
FIL-USDT-SWAP,1,E08,2025-07-10T22:00:00.000,2025-07-11T00:00:00.000,-116.5189,-1.0274,0,SL,2
FIL-USDT-SWAP,3,E08,2025-11-06T19:00:00.000,2025-11-06T20:00:00.000,195.7251,2.0,1,TP,1
FIL-USDT-SWAP,3,E08,2025-11-06T21:00:00.000,2025-11-06T22:00:00.000,196.639,2.0,1,TP,1
FIL-USDT-SWAP,3,E08,2026-01-01T15:00:00.000,2026-01-01T16:00:00.000,193.2176,2.0,1,TP,1
FIL-USDT-SWAP,3,E08,2026-01-14T16:00:00.000,2026-01-14T17:00:00.000,-112.4353,-1.0206,0,SL,1
FIL-USDT-SWAP,4,E08,2026-02-25T15:00:00.000,2026-02-25T16:00:00.000,192.4529,2.0,1,TP,1
FIL-USDT-SWAP,4,E08,2026-02-25T17:00:00.000,2026-02-25T18:00:00.000,-109.1048,-1.0151,0,SL,1
ETH-USDT-SWAP,2,E06,2025-08-04T14:00:00.000,2025-08-04T16:00:00.000,184.7326,2.0,1,TP,2
ETH-USDT-SWAP,4,E06,2026-02-09T16:00:00.000,2026-02-09T17:00:00.000,191.3803,2.0,1,TP,1
SOL-USDT-SWAP,2,E06,2025-08-04T09:00:00.000,2025-08-04T10:00:00.000,-119.9572,-1.0332,0,SL,1
SOL-USDT-SWAP,2,E06,2025-08-12T11:00:00.000,2025-08-12T12:00:00.000,187.4552,2.0,1,TP,1
LINK-USDT-SWAP,1,E06,2025-06-02T11:00:00.000,2025-06-02T19:00:00.000,-119.5321,-1.0325,0,SL,8
LINK-USDT-SWAP,5,E06,2026-06-09T17:00:00.000,2026-06-09T20:00:00.000,190.0417,2.0,1,TP,3
AVAX-USDT-SWAP,2,E06,2025-08-04T05:00:00.000,2025-08-04T14:00:00.000,186.946,2.0,1,TP,9
AVAX-USDT-SWAP,5,E06,2026-06-08T13:00:00.000,2026-06-08T14:00:00.000,-111.381,-1.0189,0,SL,1
XRP-USDT-SWAP,4,E06,2026-02-03T16:00:00.000,2026-02-03T17:00:00.000,-113.6422,-1.0226,0,SL,1
XRP-USDT-SWAP,5,E06,2026-06-09T17:00:00.000,2026-06-10T04:00:00.000,-114.6234,-1.0243,0,SL,11
LTC-USDT-SWAP,1,E06,2025-05-26T15:00:00.000,2025-05-26T16:00:00.000,-124.1175,-1.0401,0,SL,1
LTC-USDT-SWAP,3,E06,2025-11-24T01:00:00.000,2025-11-24T02:00:00.000,188.9792,2.0,1,TP,1
LTC-USDT-SWAP,4,E06,2026-02-03T16:00:00.000,2026-02-03T17:00:00.000,-115.0076,-1.0249,0,SL,1
LTC-USDT-SWAP,5,E06,2026-06-09T17:00:00.000,2026-06-09T18:00:00.000,188.1534,2.0,1,TP,1
LTC-USDT-SWAP,5,E06,2026-06-30T12:00:00.000,2026-06-30T13:00:00.000,-124.4765,-1.0407,0,SL,1
LTC-USDT-SWAP,5,E06,2026-06-30T14:00:00.000,2026-06-30T15:00:00.000,-123.3295,-1.0388,0,SL,1
BCH-USDT-SWAP,1,E06,2025-05-20T18:00:00.000,2025-05-20T19:00:00.000,-119.1671,-1.0318,0,SL,1
BCH-USDT-SWAP,2,E06,2025-08-04T02:00:00.000,2025-08-04T14:00:00.000,186.2435,2.0,1,TP,12
BCH-USDT-SWAP,4,E06,2026-02-09T15:00:00.000,2026-02-09T17:00:00.000,189.8015,2.0,1,TP,2
BCH-USDT-SWAP,4,E06,2026-03-03T15:00:00.000,2026-03-03T22:00:00.000,189.9796,2.0,1,TP,7
BCH-USDT-SWAP,5,E06,2026-06-09T17:00:00.000,2026-06-10T04:00:00.000,-111.0692,-1.0184,0,SL,11
ADA-USDT-SWAP,2,E06,2025-08-04T14:00:00.000,2025-08-05T06:00:00.000,-118.3878,-1.0305,0,SL,16
ADA-USDT-SWAP,4,E06,2026-02-10T08:00:00.000,2026-02-10T18:00:00.000,-114.2928,-1.0237,0,SL,10
BNB-USDT-SWAP,2,E06,2025-08-04T09:00:00.000,2025-08-04T16:00:00.000,176.9009,2.0,1,TP,7
BNB-USDT-SWAP,4,E06,2026-02-17T13:00:00.000,2026-02-17T14:00:00.000,-123.9929,-1.0399,0,SL,1
DOT-USDT-SWAP,1,E06,2025-05-26T13:00:00.000,2025-05-26T14:00:00.000,-119.0515,-1.0317,0,SL,1
DOT-USDT-SWAP,1,E06,2025-06-02T11:00:00.000,2025-06-02T13:00:00.000,186.2467,2.0,1,TP,2
DOT-USDT-SWAP,2,E06,2025-08-04T14:00:00.000,2025-08-04T17:00:00.000,185.0545,2.0,1,TP,3
DOT-USDT-SWAP,5,E06,2026-05-25T13:00:00.000,2026-05-25T14:00:00.000,187.6441,2.0,1,TP,1
DOT-USDT-SWAP,5,E06,2026-06-30T14:00:00.000,2026-06-30T20:00:00.000,186.671,2.0,1,TP,6
ARB-USDT-SWAP,1,E06,2025-06-02T11:00:00.000,2025-06-02T13:00:00.000,190.4591,2.0,1,TP,2
ARB-USDT-SWAP,3,E06,2025-11-24T01:00:00.000,2025-11-24T02:00:00.000,190.7597,2.0,1,TP,1
ARB-USDT-SWAP,4,E06,2026-02-10T15:00:00.000,2026-02-10T18:00:00.000,-113.2462,-1.022,0,SL,3
ARB-USDT-SWAP,5,E06,2026-06-09T14:00:00.000,2026-06-09T15:00:00.000,-114.4437,-1.024,0,SL,1
OP-USDT-SWAP,4,E06,2026-02-10T15:00:00.000,2026-02-10T18:00:00.000,-113.1398,-1.0218,0,SL,3
OP-USDT-SWAP,4,E06,2026-04-28T13:00:00.000,2026-04-29T04:00:00.000,187.0107,2.0,1,TP,15
NEAR-USDT-SWAP,1,E06,2025-06-02T11:00:00.000,2025-06-02T21:00:00.000,189.9088,2.0,1,TP,10
NEAR-USDT-SWAP,2,E06,2025-08-04T14:00:00.000,2025-08-04T17:00:00.000,187.2013,2.0,1,TP,3
NEAR-USDT-SWAP,2,E06,2025-10-14T14:00:00.000,2025-10-14T16:00:00.000,194.7816,2.0,1,TP,2
NEAR-USDT-SWAP,3,E06,2025-11-24T01:00:00.000,2025-11-24T02:00:00.000,192.2461,2.0,1,TP,1
NEAR-USDT-SWAP,4,E06,2026-02-09T15:00:00.000,2026-02-09T17:00:00.000,191.5085,2.0,1,TP,2
ATOM-USDT-SWAP,1,E06,2025-06-02T11:00:00.000,2025-06-02T15:00:00.000,185.0328,2.0,1,TP,4
ATOM-USDT-SWAP,2,E06,2025-08-04T17:00:00.000,2025-08-04T18:00:00.000,-124.3904,-1.0406,0,SL,1
ATOM-USDT-SWAP,4,E06,2026-02-10T15:00:00.000,2026-02-11T06:00:00.000,-117.8008,-1.0296,0,SL,15
ATOM-USDT-SWAP,5,E06,2026-06-08T20:00:00.000,2026-06-08T22:00:00.000,-115.8898,-1.0264,0,SL,2
ATOM-USDT-SWAP,5,E06,2026-06-09T14:00:00.000,2026-06-09T15:00:00.000,188.0999,2.0,1,TP,1
SUI-USDT-SWAP,4,E06,2026-04-13T13:00:00.000,2026-04-13T14:00:00.000,183.7265,2.0,1,TP,1
SUI-USDT-SWAP,5,E06,2026-06-09T17:00:00.000,2026-06-10T13:00:00.000,192.0152,2.0,1,TP,20
APT-USDT-SWAP,2,E06,2025-08-04T14:00:00.000,2025-08-04T22:00:00.000,184.5161,2.0,1,TP,8
WIF-USDT-SWAP,5,E06,2026-05-25T15:00:00.000,2026-05-25T16:00:00.000,187.3659,2.0,1,TP,1
WIF-USDT-SWAP,5,E06,2026-07-07T13:00:00.000,2026-07-07T14:00:00.000,-114.7239,-1.0244,0,SL,1
PEPE-USDT-SWAP,4,E06,2026-02-09T15:00:00.000,2026-02-09T17:00:00.000,192.0995,2.0,1,TP,2
PEPE-USDT-SWAP,4,E06,2026-04-13T09:00:00.000,2026-04-13T13:00:00.000,187.1179,2.0,1,TP,4
PEPE-USDT-SWAP,4,E06,2026-04-13T14:00:00.000,2026-04-13T15:00:00.000,-118.2421,-1.0303,0,SL,1
PEPE-USDT-SWAP,5,E06,2026-06-08T13:00:00.000,2026-06-09T00:00:00.000,-111.8816,-1.0197,0,SL,11
ENA-USDT-SWAP,3,E06,2026-05-25T06:00:00.000,2026-05-26T00:00:00.000,-114.5806,-1.0242,0,SL,18
ENA-USDT-SWAP,4,E06,2026-06-09T14:00:00.000,2026-06-09T15:00:00.000,-108.1283,-1.0134,0,SL,1
UNI-USDT-SWAP,1,E06,2025-06-02T14:00:00.000,2025-06-02T22:00:00.000,191.6157,2.0,1,TP,8
UNI-USDT-SWAP,2,E06,2025-08-04T03:00:00.000,2025-08-04T05:00:00.000,-117.6137,-1.0293,0,SL,2
FIL-USDT-SWAP,1,E06,2025-05-26T08:00:00.000,2025-05-26T09:00:00.000,-118.2532,-1.0303,0,SL,1
FIL-USDT-SWAP,1,E06,2025-06-02T11:00:00.000,2025-06-02T18:00:00.000,187.2839,2.0,1,TP,7
FIL-USDT-SWAP,2,E06,2025-08-04T14:00:00.000,2025-08-04T17:00:00.000,184.1658,2.0,1,TP,3
FIL-USDT-SWAP,3,E06,2025-11-17T15:00:00.000,2025-11-17T16:00:00.000,-108.4772,-1.014,0,SL,1
FIL-USDT-SWAP,3,E06,2025-11-24T03:00:00.000,2025-11-24T04:00:00.000,-111.116,-1.0184,0,SL,1
FIL-USDT-SWAP,3,E06,2025-12-02T14:00:00.000,2025-12-02T15:00:00.000,189.2425,2.0,1,TP,1
FIL-USDT-SWAP,3,E06,2026-01-20T15:00:00.000,2026-01-20T16:00:00.000,-112.9503,-1.0215,0,SL,1
FIL-USDT-SWAP,4,E06,2026-04-13T13:00:00.000,2026-04-13T17:00:00.000,185.3481,2.0,1,TP,4
FIL-USDT-SWAP,5,E06,2026-05-25T15:00:00.000,2026-05-25T16:00:00.000,186.7307,2.0,1,TP,1
FIL-USDT-SWAP,5,E06,2026-05-25T17:00:00.000,2026-05-25T19:00:00.000,-118.3592,-1.0305,0,SL,2
FIL-USDT-SWAP,5,E06,2026-06-09T14:00:00.000,2026-06-09T15:00:00.000,-113.7984,-1.0229,0,SL,1
