rank,conditions,n_conds,composite,pf,ues,n,wr,mdd,net,boot_p50,boot_p5,mc_prob,p_value,sym_floor,fold_floor,indep_e31,trade_ovlp,pnl_corr,diversity,family,verdict,score,e31_proximity
1,RV_HI+DST_MD+ADX_WK+LON,4,89.4,2.188432408218968,94.8,25,0.56,-0.05,1457.06,2.2,1.149,0.9695,0.996,1.883,1.7228,93.6,0.0,0.0,74.7,Trend Expansion,WATCHLIST,6,0
2,RV_HI+DST_FR+ADX_WK+LON,4,88.3,2.2402520613901857,94.8,16,0.5625,-0.0201,961.12,2.2391,1.0309,0.959,0.758,1.9885,1.7536,93.9,0.0,0.0,69.9,Trend Expansion,WATCHLIST,6,0
3,ATR_VH+RV_HI+PRG_LO+LON,4,88.3,1.9735519231925713,94.1,24,0.5417,-0.0358,1215.79,1.9778,0.9991,0.947,0.284,1.8204,1.6675,92.9,0.0,0.0,72.7,Pullback Continuation,WATCHLIST,6,0
4,ATR_MD+RV_LO+DST_FR+LON,4,87.8,1.9772051691247936,92.2,16,0.5625,-0.0419,824.39,1.9931,0.8963,0.892,0.268,1.752,1.5056,93.3,0.0,0.0,73.1,Quiet Trend Continuation,WATCHLIST,6,1
5,EMA50_NR+PRG_HI+PBP_LO+LON,4,86.4,1.6165760141127679,85.9,45,0.4889,-0.0683,1583.16,1.6215,0.947,0.9495,0.98,1.3229,1.3188,91.6,0.0,0.0,79.8,Session-Anchored Structure,PROMOTE,7,0
6,ATR_MD+DST_FR+ADX_TR+LON,4,85.2,1.718352299145649,86.1,17,0.5294,-0.0242,696.62,1.7188,0.669,0.879,0.51,1.5171,1.4705,93.3,0.0,0.0,72.5,Quiet Trend Continuation,WATCHLIST,6,0
7,ATR_MD+BBP_HI+DST_FR+LON,4,81.7,1.471944695571115,75.9,27,0.4815,-0.0399,782.11,1.4743,0.7955,0.851,0.94,1.3418,1.1442,92.7,0.0,0.0,75.7,Quiet Trend Continuation,WATCHLIST,6,0
8,RV_HI+DST_NR+PBD_HI+ASI,4,78.4,1.3429267574406134,64.9,122,0.4344,-0.0548,2609.33,1.3448,1.0129,0.9515,0.184,1.2596,0.6634,89.5,0.0,0.0,84.6,Volatility Expansion Momentum,WATCHLIST,6,1
9,BBW_HI+ADX_WK+PRG_VH+LON,4,78.3,1.4311690031138522,66.0,31,0.4516,-0.0397,808.29,1.4305,0.7231,0.8075,0.906,1.1272,1.0526,92.9,0.0,0.0,77.7,Volatility Expansion Momentum,PROMOTE,7,1
10,ATR_MD+RVOL_HI+DST_FR+LON,4,76.8,1.3203282444914035,61.9,33,0.4545,-0.0442,679.63,1.3286,0.705,0.813,0.094,1.229,0.9798,92.8,0.0,0.0,78.1,Quiet Trend Continuation,WATCHLIST,6,0
11,ATR_MD+SLP_UP+DST_FR+LON,4,76.7,1.3203282444914035,61.9,33,0.4545,-0.0442,679.63,1.3286,0.705,0.813,0.094,1.229,0.9798,92.8,0.0,0.0,77.9,Quiet Trend Continuation,WATCHLIST,6,0
12,ATR_MD+DST_FR+LON,3,76.6,1.3203282444914035,61.9,33,0.4545,-0.0442,679.63,1.3286,0.705,0.813,0.094,1.229,0.9798,92.8,0.0,0.0,77.4,Quiet Trend Continuation,WATCHLIST,6,0
13,RV_HI+DST_MD+PRG_LO+LON,4,76.4,1.4451101237526194,65.6,17,0.4706,-0.029,468.4,1.444,0.6672,0.76,0.912,1.1775,1.01,93.5,0.0,0.0,69.9,Trend Expansion,WATCHLIST,5,0
14,RV_HI+DST_NR+ADX_ST+ASI,4,75.9,1.307813306484593,59.4,110,0.4273,-0.0866,2131.64,1.3096,0.9512,0.9195,0.172,1.196,0.5467,89.5,0.0,0.0,83.3,Trend Expansion,WATCHLIST,6,1
15,DST_NR+ADX_ST+PBD_HI+ASI,4,73.9,1.234468052036488,53.7,161,0.4224,-0.0937,2458.6,1.2338,0.949,0.9065,0.696,1.1607,0.781,89.0,0.0124,0.0,85.0,Momentum Burst,REJECT,5,1
16,ATR_LO+DST_MD+CLH_HI+LON,4,73.8,1.3178646756153398,55.9,23,0.4783,-0.0423,486.37,1.3245,0.6297,0.73,0.388,1.1696,0.9018,93.0,0.0,0.0,75.4,Compression Breakout,REJECT,4,0
17,RV_HI+DST_NR+PBP_HI+ASI,4,73.0,1.2208687469395616,51.0,114,0.4123,-0.0815,1636.88,1.2206,0.8723,0.852,0.364,1.1164,0.6277,89.4,0.0,0.0,85.1,Volatility Expansion Momentum,REJECT,5,1
18,BBW_HI+SLP_UP+ADX_WK+LON,4,72.3,1.2404096428098503,51.6,31,0.4194,-0.0502,483.11,1.2392,0.6938,0.703,0.694,1.0488,1.1,93.0,0.0,0.0,76.5,Trend Expansion,REJECT,5,0
19,RV_HI+DST_NR+ADX_TR+ASI,4,71.7,1.1856778951343376,48.0,131,0.4046,-0.0956,1597.75,1.1869,0.882,0.833,0.638,1.11,0.5517,89.3,0.0,0.0,84.9,Trend Expansion,REJECT,4,1
20,RV_HI+DST_NR+PRG_HI+ASI,4,71.2,1.1778243345915422,47.0,127,0.4016,-0.0839,1484.53,1.1728,0.8643,0.81,0.384,1.0997,0.5691,89.4,0.0,0.0,84.3,Volatility Expansion Momentum,REJECT,4,1
21,ATR_MD+DST_NR+ADX_ST+ASI,4,71.1,1.1837061447805433,50.2,72,0.4306,-0.0939,897.01,1.1896,0.7784,0.7395,0.468,1.0686,1.0603,89.3,0.0139,0.0,79.1,Quiet Trend Continuation,REJECT,4,1
22,ATR_LO+SLP_DN+ADX_ST+ASI,4,70.9,1.2020765478866744,48.7,71,0.4366,-0.1758,974.18,1.199,0.796,0.779,0.836,1.0728,1.0399,89.3,0.0141,0.0,80.8,Quiet Trend Continuation,REJECT,4,0
23,DST_NR+ADX_ST+PRG_HI+ASI,4,70.7,1.1649432300169242,46.1,146,0.4041,-0.0973,1603.08,1.1698,0.8857,0.828,0.664,1.0853,0.6636,88.7,0.0137,0.0,84.9,Session-Anchored Structure,REJECT,4,1
24,RV_HI+DST_FR+CLH_HI+LON,4,70.4,1.1052689863357754,41.6,132,0.3864,-0.1265,936.14,1.1076,0.8201,0.7155,0.114,1.0538,0.9494,89.8,0.0,0.0,89.4,Volatility Expansion Momentum,REJECT,3,0
25,ATR_LO+DST_NR+ADX_ST+ASI,4,69.8,1.2083990360059143,49.1,55,0.4364,-0.1048,776.44,1.2039,0.7572,0.7415,0.998,1.0576,1.0049,89.7,0.0182,0.0,74.9,Quiet Trend Continuation,REJECT,5,1
26,RV_HI+SLP_DN+DST_NR+ASI,4,69.2,1.126763804585492,41.9,153,0.3922,-0.0847,1300.44,1.121,0.8474,0.754,0.664,1.0628,0.5776,89.3,0.0,0.0,84.7,Trend Expansion,REJECT,3,1
27,BBP_HI+DST_NR+ADX_ST+ASI,4,68.1,1.1449925017556788,43.0,58,0.4138,-0.0698,575.51,1.1477,0.7256,0.683,0.708,1.002,0.9376,90.8,0.0,0.0,76.4,Momentum Burst,REJECT,3,1
28,RV_HI+RVOL_HI+DST_NR+ASI,4,67.9,1.1012614639304579,38.5,155,0.3871,-0.0952,1062.87,1.0976,0.834,0.7045,0.408,1.0385,0.5637,89.3,0.0,0.0,84.9,Momentum Burst,REJECT,3,1
29,RV_HI+SLP_DN+ADX_ST+ASI,4,67.9,1.106913233894716,37.8,134,0.3881,-0.1219,967.34,1.1084,0.827,0.729,0.694,1.013,0.5678,89.4,0.0,0.0,86.1,Trend Expansion,REJECT,3,0
30,BBW_HI+DST_NR+ADX_ST+ASI,4,67.7,1.122985079085304,37.9,109,0.3945,-0.1613,904.12,1.1237,0.8154,0.722,0.976,1.0341,0.6054,89.4,0.0,0.0,85.0,Trend Expansion,REJECT,3,1
31,RV_HI+DST_NR+ASI,3,67.6,1.1012614639304579,38.5,155,0.3871,-0.0952,1062.87,1.0976,0.834,0.7045,0.408,1.0385,0.5637,89.3,0.0,0.0,83.7,Session-Anchored Structure,REJECT,3,1
32,BBW_HI+DST_NR+PBD_HI+ASI,4,67.4,1.1093887274110414,36.5,113,0.3894,-0.1482,833.32,1.1101,0.805,0.6835,0.816,1.0235,0.6075,89.2,0.0,0.0,86.2,Volatility Expansion Momentum,REJECT,3,1
33,ATR_HI+SLP_UP+EMA50_NR+ADX_WK,4,66.9,1.2697994247562212,43.3,25,0.44,-0.0779,428.79,1.2713,0.6295,0.7295,0.738,0.9448,0.7616,92.2,0.0,0.0,69.1,Trend Expansion,REJECT,2,0
34,ATR_LO+ADX_ST+CLH_HI+ASI,4,66.7,1.1429288998711726,41.0,52,0.4231,-0.1083,516.54,1.1496,0.6946,0.6665,0.714,1.0412,0.8837,89.9,0.0192,0.0,75.4,Compression Breakout,REJECT,3,0
35,ATR_LO+DST_NR+PRG_HI+ASI,4,64.8,1.1337756520434088,38.9,20,0.4,-0.0594,179.7,1.1377,0.4343,0.612,0.996,0.9888,0.994,91.0,0.05,0.0,69.4,Compression Breakout,REJECT,1,1
36,BBW_LO+BBP_LO+RV_LO+PRG_VH,4,62.3,1.295353004419668,66.6,104,0.4519,-0.0675,1996.53,1.299,0.9332,0.9,0.902,1.2146,1.1519,40.9,0.4231,0.9576,85.5,Compression Breakout,REJECT,6,3
37,BBW_LO+RV_LO+DST_NR+PRG_VH,4,58.9,1.4194153606432753,74.7,102,0.4706,-0.0601,2650.29,1.4176,1.0248,0.955,0.946,1.3296,1.0279,22.7,0.8235,0.9945,84.2,Compression Breakout,PROMOTE,7,4
