symbol,entry_time,exit_pnl,is_win,fold,hour_utc
ENA_USDT_SWAP,1970-01-01 00:00:00.000006079+00:00,200.0,True,1,0
ENA_USDT_SWAP,1970-01-01 00:00:00.000006104+00:00,200.0,True,1,0
ENA_USDT_SWAP,1970-01-01 00:00:00.000006105+00:00,-100.0,False,1,0
ENA_USDT_SWAP,1970-01-01 00:00:00.000006831+00:00,200.0,True,3,0
ENA_USDT_SWAP,1970-01-01 00:00:00.000006869+00:00,200.0,True,3,0
COMP_USDT_SWAP,1970-01-01 00:00:00.000013654+00:00,200.0,True,1,0
INJ_USDT_SWAP,1970-01-01 00:00:00.000013917+00:00,-100.0,False,1,0
SATS_USDT_SWAP,1970-01-01 00:00:00.000014032+00:00,200.0,True,1,0
CHZ_USDT_SWAP,1970-01-01 00:00:00.000014072+00:00,-100.0,False,1,0
LDO_USDT_SWAP,1970-01-01 00:00:00.000014085+00:00,200.0,True,1,0
GMX_USDT_SWAP,1970-01-01 00:00:00.000014093+00:00,200.0,True,1,0
CHZ_USDT_SWAP,1970-01-01 00:00:00.000014094+00:00,200.0,True,1,0
GMX_USDT_SWAP,1970-01-01 00:00:00.000014096+00:00,-100.0,False,1,0
GMX_USDT_SWAP,1970-01-01 00:00:00.000014102+00:00,-100.0,False,1,0
GMX_USDT_SWAP,1970-01-01 00:00:00.000014105+00:00,200.0,True,1,0
EGLD_USDT_SWAP,1970-01-01 00:00:00.000014135+00:00,-100.0,False,1,0
CHZ_USDT_SWAP,1970-01-01 00:00:00.000014170+00:00,-100.0,False,1,0
STX_USDT_SWAP,1970-01-01 00:00:00.000014189+00:00,-100.0,False,1,0
GALA_USDT_SWAP,1970-01-01 00:00:00.000014195+00:00,-100.0,False,1,0
ICP_USDT_SWAP,1970-01-01 00:00:00.000014195+00:00,-100.0,False,1,0
SNX_USDT_SWAP,1970-01-01 00:00:00.000014240+00:00,200.0,True,1,0
AAVE_USDT_SWAP,1970-01-01 00:00:00.000014254+00:00,200.0,True,1,0
ETC_USDT_SWAP,1970-01-01 00:00:00.000014276+00:00,-100.0,False,1,0
AXS_USDT_SWAP,1970-01-01 00:00:00.000014278+00:00,200.0,True,1,0
AXS_USDT_SWAP,1970-01-01 00:00:00.000014279+00:00,200.0,True,1,0
CRV_USDT_SWAP,1970-01-01 00:00:00.000014285+00:00,-100.0,False,1,0
CRV_USDT_SWAP,1970-01-01 00:00:00.000014290+00:00,200.0,True,1,0
ICP_USDT_SWAP,1970-01-01 00:00:00.000014290+00:00,200.0,True,1,0
GRT_USDT_SWAP,1970-01-01 00:00:00.000014328+00:00,-100.0,False,1,0
SATS_USDT_SWAP,1970-01-01 00:00:00.000014342+00:00,-100.0,False,1,0
SATS_USDT_SWAP,1970-01-01 00:00:00.000014344+00:00,-100.0,False,1,0
AAVE_USDT_SWAP,1970-01-01 00:00:00.000014360+00:00,-100.0,False,1,0
EGLD_USDT_SWAP,1970-01-01 00:00:00.000014363+00:00,200.0,True,1,0
DYDX_USDT_SWAP,1970-01-01 00:00:00.000014363+00:00,200.0,True,1,0
ICP_USDT_SWAP,1970-01-01 00:00:00.000014366+00:00,-100.0,False,1,0
CRV_USDT_SWAP,1970-01-01 00:00:00.000014371+00:00,-100.0,False,1,0
ICP_USDT_SWAP,1970-01-01 00:00:00.000014385+00:00,-100.0,False,1,0
SNX_USDT_SWAP,1970-01-01 00:00:00.000014391+00:00,200.0,True,1,0
DYDX_USDT_SWAP,1970-01-01 00:00:00.000014416+00:00,-100.0,False,1,0
IMX_USDT_SWAP,1970-01-01 00:00:00.000014435+00:00,200.0,True,1,0
SUSHI_USDT_SWAP,1970-01-01 00:00:00.000014440+00:00,200.0,True,1,0
AAVE_USDT_SWAP,1970-01-01 00:00:00.000014445+00:00,200.0,True,1,0
CRV_USDT_SWAP,1970-01-01 00:00:00.000014445+00:00,200.0,True,1,0
GALA_USDT_SWAP,1970-01-01 00:00:00.000014445+00:00,200.0,True,1,0
HBAR_USDT_SWAP,1970-01-01 00:00:00.000014445+00:00,200.0,True,1,0
ICP_USDT_SWAP,1970-01-01 00:00:00.000014445+00:00,200.0,True,1,0
INJ_USDT_SWAP,1970-01-01 00:00:00.000014445+00:00,200.0,True,1,0
AAVE_USDT_SWAP,1970-01-01 00:00:00.000014447+00:00,200.0,True,1,0
DYDX_USDT_SWAP,1970-01-01 00:00:00.000014449+00:00,-100.0,False,1,0
AAVE_USDT_SWAP,1970-01-01 00:00:00.000014487+00:00,200.0,True,1,0
AXS_USDT_SWAP,1970-01-01 00:00:00.000014522+00:00,200.0,True,1,0
GMX_USDT_SWAP,1970-01-01 00:00:00.000014547+00:00,200.0,True,1,0
FLOKI_USDT_SWAP,1970-01-01 00:00:00.000014592+00:00,200.0,True,1,0
SATS_USDT_SWAP,1970-01-01 00:00:00.000014592+00:00,200.0,True,1,0
AAVE_USDT_SWAP,1970-01-01 00:00:00.000014650+00:00,200.0,True,2,0
CHZ_USDT_SWAP,1970-01-01 00:00:00.000014675+00:00,200.0,True,2,0
GMX_USDT_SWAP,1970-01-01 00:00:00.000014850+00:00,-100.0,False,2,0
COMP_USDT_SWAP,1970-01-01 00:00:00.000015069+00:00,-100.0,False,3,0
LDO_USDT_SWAP,1970-01-01 00:00:00.000015129+00:00,-100.0,False,2,0
XLM_USDT_SWAP,1970-01-01 00:00:00.000015158+00:00,-100.0,False,2,0
TRX_USDT_SWAP,1970-01-01 00:00:00.000015330+00:00,200.0,True,2,0
COMP_USDT_SWAP,1970-01-01 00:00:00.000015415+00:00,-100.0,False,3,0
EGLD_USDT_SWAP,1970-01-01 00:00:00.000015451+00:00,200.0,True,3,0
FET_USDT_SWAP,1970-01-01 00:00:00.000015538+00:00,-100.0,False,3,0
ICP_USDT_SWAP,1970-01-01 00:00:00.000015540+00:00,-100.0,False,3,0
AXS_USDT_SWAP,1970-01-01 00:00:00.000015545+00:00,200.0,True,3,0
AXS_USDT_SWAP,1970-01-01 00:00:00.000015546+00:00,-100.0,False,3,0
STX_USDT_SWAP,1970-01-01 00:00:00.000015552+00:00,200.0,True,3,0
AXS_USDT_SWAP,1970-01-01 00:00:00.000015553+00:00,200.0,True,3,0
SAND_USDT_SWAP,1970-01-01 00:00:00.000015553+00:00,-100.0,False,3,0
GRT_USDT_SWAP,1970-01-01 00:00:00.000015557+00:00,200.0,True,3,0
SUSHI_USDT_SWAP,1970-01-01 00:00:00.000015559+00:00,200.0,True,3,0
GRT_USDT_SWAP,1970-01-01 00:00:00.000015561+00:00,200.0,True,3,0
AAVE_USDT_SWAP,1970-01-01 00:00:00.000015564+00:00,-100.0,False,3,0
CRV_USDT_SWAP,1970-01-01 00:00:00.000015564+00:00,200.0,True,3,0
ICP_USDT_SWAP,1970-01-01 00:00:00.000015564+00:00,-100.0,False,3,0
SHIB_USDT_SWAP,1970-01-01 00:00:00.000015564+00:00,200.0,True,3,0
SAND_USDT_SWAP,1970-01-01 00:00:00.000015573+00:00,200.0,True,3,0
COMP_USDT_SWAP,1970-01-01 00:00:00.000015574+00:00,-100.0,False,3,0
SNX_USDT_SWAP,1970-01-01 00:00:00.000015580+00:00,-100.0,False,3,0
STX_USDT_SWAP,1970-01-01 00:00:00.000015587+00:00,200.0,True,3,0
SNX_USDT_SWAP,1970-01-01 00:00:00.000015587+00:00,200.0,True,3,0
SNX_USDT_SWAP,1970-01-01 00:00:00.000015588+00:00,200.0,True,3,0
GALA_USDT_SWAP,1970-01-01 00:00:00.000015602+00:00,200.0,True,3,0
AXS_USDT_SWAP,1970-01-01 00:00:00.000015623+00:00,-100.0,False,3,0
FET_USDT_SWAP,1970-01-01 00:00:00.000015634+00:00,-100.0,False,3,0
1INCH_USDT_SWAP,1970-01-01 00:00:00.000015635+00:00,-100.0,False,3,0
ALGO_USDT_SWAP,1970-01-01 00:00:00.000015641+00:00,200.0,True,3,0
GALA_USDT_SWAP,1970-01-01 00:00:00.000015641+00:00,200.0,True,3,0
XLM_USDT_SWAP,1970-01-01 00:00:00.000015684+00:00,-100.0,False,3,0
DYDX_USDT_SWAP,1970-01-01 00:00:00.000015701+00:00,200.0,True,3,0
SATS_USDT_SWAP,1970-01-01 00:00:00.000015712+00:00,200.0,True,3,0
COMP_USDT_SWAP,1970-01-01 00:00:00.000015726+00:00,-100.0,False,4,0
DYDX_USDT_SWAP,1970-01-01 00:00:00.000015726+00:00,-100.0,False,3,0
COMP_USDT_SWAP,1970-01-01 00:00:00.000015729+00:00,-100.0,False,4,0
STX_USDT_SWAP,1970-01-01 00:00:00.000015737+00:00,-100.0,False,3,0
COMP_USDT_SWAP,1970-01-01 00:00:00.000015738+00:00,-100.0,False,4,0
EGLD_USDT_SWAP,1970-01-01 00:00:00.000015754+00:00,-100.0,False,3,0
BONK_USDT_SWAP,1970-01-01 00:00:00.000015769+00:00,-100.0,False,3,0
LDO_USDT_SWAP,1970-01-01 00:00:00.000015784+00:00,200.0,True,3,0
DYDX_USDT_SWAP,1970-01-01 00:00:00.000015784+00:00,-100.0,False,3,0
CRV_USDT_SWAP,1970-01-01 00:00:00.000015788+00:00,200.0,True,3,0
SHIB_USDT_SWAP,1970-01-01 00:00:00.000015860+00:00,200.0,True,3,0
AAVE_USDT_SWAP,1970-01-01 00:00:00.000015866+00:00,-100.0,False,3,0
ALGO_USDT_SWAP,1970-01-01 00:00:00.000015868+00:00,200.0,True,3,0
EGLD_USDT_SWAP,1970-01-01 00:00:00.000015884+00:00,200.0,True,4,0
EGLD_USDT_SWAP,1970-01-01 00:00:00.000015891+00:00,200.0,True,4,0
SATS_USDT_SWAP,1970-01-01 00:00:00.000015897+00:00,-100.0,False,3,0
EGLD_USDT_SWAP,1970-01-01 00:00:00.000015913+00:00,-100.0,False,4,0
GRT_USDT_SWAP,1970-01-01 00:00:00.000015929+00:00,200.0,True,4,0
CHZ_USDT_SWAP,1970-01-01 00:00:00.000015945+00:00,200.0,True,4,0
SNX_USDT_SWAP,1970-01-01 00:00:00.000015951+00:00,200.0,True,4,0
EGLD_USDT_SWAP,1970-01-01 00:00:00.000015954+00:00,-100.0,False,4,0
EGLD_USDT_SWAP,1970-01-01 00:00:00.000015956+00:00,-100.0,False,4,0
EGLD_USDT_SWAP,1970-01-01 00:00:00.000015959+00:00,200.0,True,4,0
EGLD_USDT_SWAP,1970-01-01 00:00:00.000015960+00:00,200.0,True,4,0
CHZ_USDT_SWAP,1970-01-01 00:00:00.000015963+00:00,-100.0,False,4,0
EGLD_USDT_SWAP,1970-01-01 00:00:00.000015964+00:00,-100.0,False,4,0
GRT_USDT_SWAP,1970-01-01 00:00:00.000015966+00:00,200.0,True,4,0
EGLD_USDT_SWAP,1970-01-01 00:00:00.000015969+00:00,-100.0,False,4,0
AAVE_USDT_SWAP,1970-01-01 00:00:00.000015974+00:00,200.0,True,3,0
GMX_USDT_SWAP,1970-01-01 00:00:00.000015975+00:00,-100.0,False,3,0
STX_USDT_SWAP,1970-01-01 00:00:00.000015985+00:00,200.0,True,4,0
GRT_USDT_SWAP,1970-01-01 00:00:00.000015992+00:00,-100.0,False,4,0
STX_USDT_SWAP,1970-01-01 00:00:00.000015992+00:00,200.0,True,4,0
GRT_USDT_SWAP,1970-01-01 00:00:00.000015997+00:00,200.0,True,4,0
CRV_USDT_SWAP,1970-01-01 00:00:00.000015998+00:00,200.0,True,4,0
GALA_USDT_SWAP,1970-01-01 00:00:00.000015998+00:00,200.0,True,4,0
CRV_USDT_SWAP,1970-01-01 00:00:00.000016001+00:00,200.0,True,4,0
HBAR_USDT_SWAP,1970-01-01 00:00:00.000016001+00:00,200.0,True,4,0
AAVE_USDT_SWAP,1970-01-01 00:00:00.000016005+00:00,200.0,True,4,0
CRV_USDT_SWAP,1970-01-01 00:00:00.000016005+00:00,200.0,True,4,0
ETC_USDT_SWAP,1970-01-01 00:00:00.000016005+00:00,200.0,True,4,0
GRT_USDT_SWAP,1970-01-01 00:00:00.000016007+00:00,-100.0,False,4,0
SNX_USDT_SWAP,1970-01-01 00:00:00.000016007+00:00,-100.0,False,4,0
SAND_USDT_SWAP,1970-01-01 00:00:00.000016009+00:00,-100.0,False,4,0
ETC_USDT_SWAP,1970-01-01 00:00:00.000016011+00:00,-100.0,False,4,0
SAND_USDT_SWAP,1970-01-01 00:00:00.000016013+00:00,200.0,True,4,0
SNX_USDT_SWAP,1970-01-01 00:00:00.000016014+00:00,-100.0,False,4,0
STX_USDT_SWAP,1970-01-01 00:00:00.000016014+00:00,-100.0,False,4,0
SNX_USDT_SWAP,1970-01-01 00:00:00.000016016+00:00,-100.0,False,4,0
SNX_USDT_SWAP,1970-01-01 00:00:00.000016019+00:00,200.0,True,4,0
STX_USDT_SWAP,1970-01-01 00:00:00.000016019+00:00,200.0,True,4,0
SATS_USDT_SWAP,1970-01-01 00:00:00.000016023+00:00,-100.0,False,3,0
SHIB_USDT_SWAP,1970-01-01 00:00:00.000016027+00:00,-100.0,False,4,0
ALGO_USDT_SWAP,1970-01-01 00:00:00.000016032+00:00,200.0,True,4,0
CRV_USDT_SWAP,1970-01-01 00:00:00.000016032+00:00,200.0,True,4,0
ETC_USDT_SWAP,1970-01-01 00:00:00.000016032+00:00,200.0,True,4,0
GALA_USDT_SWAP,1970-01-01 00:00:00.000016032+00:00,200.0,True,4,0
HBAR_USDT_SWAP,1970-01-01 00:00:00.000016032+00:00,200.0,True,4,0
SHIB_USDT_SWAP,1970-01-01 00:00:00.000016032+00:00,200.0,True,4,0
TRX_USDT_SWAP,1970-01-01 00:00:00.000016035+00:00,-100.0,False,3,0
SAND_USDT_SWAP,1970-01-01 00:00:00.000016039+00:00,-100.0,False,4,0
IMX_USDT_SWAP,1970-01-01 00:00:00.000016040+00:00,200.0,True,4,0
SAND_USDT_SWAP,1970-01-01 00:00:00.000016041+00:00,-100.0,False,4,0
SHIB_USDT_SWAP,1970-01-01 00:00:00.000016042+00:00,200.0,True,4,0
SHIB_USDT_SWAP,1970-01-01 00:00:00.000016043+00:00,-100.0,False,4,0
SAND_USDT_SWAP,1970-01-01 00:00:00.000016044+00:00,200.0,True,4,0
SATS_USDT_SWAP,1970-01-01 00:00:00.000016046+00:00,200.0,True,3,0
IMX_USDT_SWAP,1970-01-01 00:00:00.000016051+00:00,-100.0,False,4,0
AXS_USDT_SWAP,1970-01-01 00:00:00.000016052+00:00,-100.0,False,4,0
SHIB_USDT_SWAP,1970-01-01 00:00:00.000016052+00:00,200.0,True,4,0
IMX_USDT_SWAP,1970-01-01 00:00:00.000016053+00:00,-100.0,False,4,0
STX_USDT_SWAP,1970-01-01 00:00:00.000016055+00:00,-100.0,False,4,0
IMX_USDT_SWAP,1970-01-01 00:00:00.000016056+00:00,200.0,True,4,0
AXS_USDT_SWAP,1970-01-01 00:00:00.000016059+00:00,-100.0,False,4,0
ETC_USDT_SWAP,1970-01-01 00:00:00.000016061+00:00,-100.0,False,4,0
STX_USDT_SWAP,1970-01-01 00:00:00.000016061+00:00,200.0,True,4,0
TRX_USDT_SWAP,1970-01-01 00:00:00.000016061+00:00,-100.0,False,3,0
INJ_USDT_SWAP,1970-01-01 00:00:00.000016067+00:00,200.0,True,4,0
ETC_USDT_SWAP,1970-01-01 00:00:00.000016068+00:00,-100.0,False,4,0
ALGO_USDT_SWAP,1970-01-01 00:00:00.000016070+00:00,200.0,True,4,0
CRV_USDT_SWAP,1970-01-01 00:00:00.000016070+00:00,-100.0,False,4,0
ETC_USDT_SWAP,1970-01-01 00:00:00.000016070+00:00,-100.0,False,4,0
FET_USDT_SWAP,1970-01-01 00:00:00.000016070+00:00,-100.0,False,4,0
GALA_USDT_SWAP,1970-01-01 00:00:00.000016070+00:00,-100.0,False,4,0
ICP_USDT_SWAP,1970-01-01 00:00:00.000016070+00:00,-100.0,False,4,0
INJ_USDT_SWAP,1970-01-01 00:00:00.000016070+00:00,-100.0,False,4,0
SHIB_USDT_SWAP,1970-01-01 00:00:00.000016070+00:00,-100.0,False,4,0
EGLD_USDT_SWAP,1970-01-01 00:00:00.000016072+00:00,200.0,True,4,0
ETC_USDT_SWAP,1970-01-01 00:00:00.000016073+00:00,200.0,True,4,0
HBAR_USDT_SWAP,1970-01-01 00:00:00.000016073+00:00,200.0,True,4,0
SHIB_USDT_SWAP,1970-01-01 00:00:00.000016074+00:00,-100.0,False,4,0
TRX_USDT_SWAP,1970-01-01 00:00:00.000016088+00:00,-100.0,False,3,0
AXS_USDT_SWAP,1970-01-01 00:00:00.000016094+00:00,-100.0,False,4,0
TRX_USDT_SWAP,1970-01-01 00:00:00.000016133+00:00,-100.0,False,3,0
COMP_USDT_SWAP,1970-01-01 00:00:00.000016141+00:00,200.0,True,4,0
BONK_USDT_SWAP,1970-01-01 00:00:00.000016145+00:00,200.0,True,4,0
FLOKI_USDT_SWAP,1970-01-01 00:00:00.000016148+00:00,200.0,True,4,0
SATS_USDT_SWAP,1970-01-01 00:00:00.000016152+00:00,200.0,True,4,0
CHZ_USDT_SWAP,1970-01-01 00:00:00.000016153+00:00,-100.0,False,4,0
CHZ_USDT_SWAP,1970-01-01 00:00:00.000016162+00:00,200.0,True,4,0
LDO_USDT_SWAP,1970-01-01 00:00:00.000016167+00:00,200.0,True,4,0
TRX_USDT_SWAP,1970-01-01 00:00:00.000016172+00:00,200.0,True,4,0
BONK_USDT_SWAP,1970-01-01 00:00:00.000016179+00:00,200.0,True,4,0
FLOKI_USDT_SWAP,1970-01-01 00:00:00.000016179+00:00,200.0,True,4,0
SATS_USDT_SWAP,1970-01-01 00:00:00.000016185+00:00,-100.0,False,4,0
INJ_USDT_SWAP,1970-01-01 00:00:00.000016188+00:00,200.0,True,4,0
LDO_USDT_SWAP,1970-01-01 00:00:00.000016189+00:00,-100.0,False,4,0
GMX_USDT_SWAP,1970-01-01 00:00:00.000016194+00:00,200.0,True,4,0
TRX_USDT_SWAP,1970-01-01 00:00:00.000016194+00:00,200.0,True,4,0
BONK_USDT_SWAP,1970-01-01 00:00:00.000016200+00:00,-100.0,False,4,0
INJ_USDT_SWAP,1970-01-01 00:00:00.000016201+00:00,200.0,True,4,0
GMX_USDT_SWAP,1970-01-01 00:00:00.000016203+00:00,200.0,True,4,0
TRX_USDT_SWAP,1970-01-01 00:00:00.000016204+00:00,-100.0,False,4,0
COMP_USDT_SWAP,1970-01-01 00:00:00.000016207+00:00,200.0,True,4,0
BONK_USDT_SWAP,1970-01-01 00:00:00.000016208+00:00,-100.0,False,4,0
COMP_USDT_SWAP,1970-01-01 00:00:00.000016208+00:00,200.0,True,4,0
FLOKI_USDT_SWAP,1970-01-01 00:00:00.000016210+00:00,-100.0,False,4,0
BONK_USDT_SWAP,1970-01-01 00:00:00.000016215+00:00,-100.0,False,4,0
FLOKI_USDT_SWAP,1970-01-01 00:00:00.000016215+00:00,-100.0,False,4,0
SATS_USDT_SWAP,1970-01-01 00:00:00.000016215+00:00,-100.0,False,4,0
BONK_USDT_SWAP,1970-01-01 00:00:00.000016217+00:00,-100.0,False,4,0
FLOKI_USDT_SWAP,1970-01-01 00:00:00.000016217+00:00,-100.0,False,4,0
SATS_USDT_SWAP,1970-01-01 00:00:00.000016217+00:00,-100.0,False,4,0
LDO_USDT_SWAP,1970-01-01 00:00:00.000016219+00:00,200.0,True,4,0
LDO_USDT_SWAP,1970-01-01 00:00:00.000016230+00:00,-100.0,False,4,0
SATS_USDT_SWAP,1970-01-01 00:00:00.000016230+00:00,-100.0,False,4,0
DYDX_USDT_SWAP,1970-01-01 00:00:00.000016232+00:00,-100.0,False,4,0
GMX_USDT_SWAP,1970-01-01 00:00:00.000016232+00:00,-100.0,False,4,0
LDO_USDT_SWAP,1970-01-01 00:00:00.000016232+00:00,-100.0,False,4,0
TRX_USDT_SWAP,1970-01-01 00:00:00.000016232+00:00,-100.0,False,4,0
CHZ_USDT_SWAP,1970-01-01 00:00:00.000016244+00:00,-100.0,False,4,0
SAND_USDT_SWAP,1970-01-01 00:00:00.000016256+00:00,200.0,True,4,0
CHZ_USDT_SWAP,1970-01-01 00:00:00.000016275+00:00,200.0,True,4,0
CHZ_USDT_SWAP,1970-01-01 00:00:00.000016293+00:00,-100.0,False,4,0
GRT_USDT_SWAP,1970-01-01 00:00:00.000016307+00:00,200.0,True,4,0
SATS_USDT_SWAP,1970-01-01 00:00:00.000016333+00:00,200.0,True,4,0
BONK_USDT_SWAP,1970-01-01 00:00:00.000016334+00:00,-100.0,False,4,0
LDO_USDT_SWAP,1970-01-01 00:00:00.000016349+00:00,-100.0,False,4,0
CHZ_USDT_SWAP,1970-01-01 00:00:00.000016355+00:00,200.0,True,4,0
CHZ_USDT_SWAP,1970-01-01 00:00:00.000016356+00:00,-100.0,False,4,0
SHIB_USDT_SWAP,1970-01-01 00:00:00.000016380+00:00,-100.0,False,4,0
CRV_USDT_SWAP,1970-01-01 00:00:00.000016382+00:00,200.0,True,4,0
GALA_USDT_SWAP,1970-01-01 00:00:00.000016382+00:00,-100.0,False,4,0
CHZ_USDT_SWAP,1970-01-01 00:00:00.000016392+00:00,-100.0,False,4,0
EGLD_USDT_SWAP,1970-01-01 00:00:00.000016409+00:00,-100.0,False,4,0
EGLD_USDT_SWAP,1970-01-01 00:00:00.000016413+00:00,200.0,True,4,0
CRV_USDT_SWAP,1970-01-01 00:00:00.000016414+00:00,-100.0,False,4,0
WIF_USDT_SWAP,1970-01-01 00:00:00.000016414+00:00,-100.0,False,1,0
EGLD_USDT_SWAP,1970-01-01 00:00:00.000016416+00:00,200.0,True,4,0
INJ_USDT_SWAP,1970-01-01 00:00:00.000016428+00:00,200.0,True,4,0
EGLD_USDT_SWAP,1970-01-01 00:00:00.000016433+00:00,-100.0,False,4,0
EGLD_USDT_SWAP,1970-01-01 00:00:00.000016436+00:00,-100.0,False,4,0
EGLD_USDT_SWAP,1970-01-01 00:00:00.000016446+00:00,-100.0,False,4,0
GRT_USDT_SWAP,1970-01-01 00:00:00.000016452+00:00,200.0,True,4,0
EGLD_USDT_SWAP,1970-01-01 00:00:00.000016458+00:00,200.0,True,4,0
CHZ_USDT_SWAP,1970-01-01 00:00:00.000016464+00:00,200.0,True,4,0
SNX_USDT_SWAP,1970-01-01 00:00:00.000016470+00:00,-100.0,False,4,0
SNX_USDT_SWAP,1970-01-01 00:00:00.000016477+00:00,-100.0,False,4,0
SNX_USDT_SWAP,1970-01-01 00:00:00.000016494+00:00,200.0,True,4,0
SAND_USDT_SWAP,1970-01-01 00:00:00.000016519+00:00,200.0,True,4,0
INJ_USDT_SWAP,1970-01-01 00:00:00.000016522+00:00,-100.0,False,4,0
FET_USDT_SWAP,1970-01-01 00:00:00.000016524+00:00,-100.0,False,4,0
GALA_USDT_SWAP,1970-01-01 00:00:00.000016524+00:00,-100.0,False,4,0
HBAR_USDT_SWAP,1970-01-01 00:00:00.000016524+00:00,-100.0,False,4,0
INJ_USDT_SWAP,1970-01-01 00:00:00.000016524+00:00,-100.0,False,4,0
ETC_USDT_SWAP,1970-01-01 00:00:00.000016528+00:00,200.0,True,4,0
SUSHI_USDT_SWAP,1970-01-01 00:00:00.000016543+00:00,200.0,True,4,0
GMX_USDT_SWAP,1970-01-01 00:00:00.000016544+00:00,-100.0,False,4,0
CRV_USDT_SWAP,1970-01-01 00:00:00.000016548+00:00,-100.0,False,4,0
SUSHI_USDT_SWAP,1970-01-01 00:00:00.000016556+00:00,-100.0,False,4,0
STX_USDT_SWAP,1970-01-01 00:00:00.000016559+00:00,200.0,True,4,0
ALGO_USDT_SWAP,1970-01-01 00:00:00.000016561+00:00,-100.0,False,4,0
ALGO_USDT_SWAP,1970-01-01 00:00:00.000016571+00:00,-100.0,False,4,0
WIF_USDT_SWAP,1970-01-01 00:00:00.000016588+00:00,200.0,True,1,0
STX_USDT_SWAP,1970-01-01 00:00:00.000016616+00:00,200.0,True,4,0
GALA_USDT_SWAP,1970-01-01 00:00:00.000016621+00:00,-100.0,False,4,0
XLM_USDT_SWAP,1970-01-01 00:00:00.000016628+00:00,200.0,True,4,0
SUSHI_USDT_SWAP,1970-01-01 00:00:00.000016662+00:00,200.0,True,4,0
FLOKI_USDT_SWAP,1970-01-01 00:00:00.000016671+00:00,-100.0,False,4,0
BONK_USDT_SWAP,1970-01-01 00:00:00.000016675+00:00,200.0,True,4,0
FLOKI_USDT_SWAP,1970-01-01 00:00:00.000016675+00:00,200.0,True,4,0
GMX_USDT_SWAP,1970-01-01 00:00:00.000016683+00:00,-100.0,False,4,0
WIF_USDT_SWAP,1970-01-01 00:00:00.000016684+00:00,-100.0,False,1,0
LDO_USDT_SWAP,1970-01-01 00:00:00.000016686+00:00,-100.0,False,4,0
GMX_USDT_SWAP,1970-01-01 00:00:00.000016686+00:00,-100.0,False,4,0
LDO_USDT_SWAP,1970-01-01 00:00:00.000016690+00:00,200.0,True,4,0
FLOKI_USDT_SWAP,1970-01-01 00:00:00.000016695+00:00,200.0,True,4,0
SATS_USDT_SWAP,1970-01-01 00:00:00.000016695+00:00,200.0,True,4,0
FLOKI_USDT_SWAP,1970-01-01 00:00:00.000016696+00:00,-100.0,False,4,0
SATS_USDT_SWAP,1970-01-01 00:00:00.000016708+00:00,-100.0,False,4,0
FET_USDT_SWAP,1970-01-01 00:00:00.000016811+00:00,-100.0,False,5,0
TRX_USDT_SWAP,1970-01-01 00:00:00.000016843+00:00,-100.0,False,5,0
XLM_USDT_SWAP,1970-01-01 00:00:00.000016876+00:00,-100.0,False,5,0
CHZ_USDT_SWAP,1970-01-01 00:00:00.000017033+00:00,200.0,True,5,0
CHZ_USDT_SWAP,1970-01-01 00:00:00.000017038+00:00,200.0,True,5,0
BONK_USDT_SWAP,1970-01-01 00:00:00.000017136+00:00,200.0,True,5,0
CHZ_USDT_SWAP,1970-01-01 00:00:00.000017137+00:00,-100.0,False,5,0
BONK_USDT_SWAP,1970-01-01 00:00:00.000017205+00:00,200.0,True,5,0
BONK_USDT_SWAP,1970-01-01 00:00:00.000017231+00:00,-100.0,False,5,0
CHZ_USDT_SWAP,1970-01-01 00:00:00.000017235+00:00,-100.0,False,5,0
CRV_USDT_SWAP,1970-01-01 00:00:00.000017244+00:00,-100.0,False,5,0
BONK_USDT_SWAP,1970-01-01 00:00:00.000017249+00:00,-100.0,False,5,0
GRT_USDT_SWAP,1970-01-01 00:00:00.000017268+00:00,-100.0,False,5,0
IMX_USDT_SWAP,1970-01-01 00:00:00.000017306+00:00,-100.0,False,5,0
SAND_USDT_SWAP,1970-01-01 00:00:00.000017308+00:00,200.0,True,5,0
STX_USDT_SWAP,1970-01-01 00:00:00.000017308+00:00,-100.0,False,5,0
FET_USDT_SWAP,1970-01-01 00:00:00.000017325+00:00,-100.0,False,5,0
GALA_USDT_SWAP,1970-01-01 00:00:00.000017325+00:00,200.0,True,5,0
FET_USDT_SWAP,1970-01-01 00:00:00.000017331+00:00,200.0,True,5,0
SAND_USDT_SWAP,1970-01-01 00:00:00.000017332+00:00,-100.0,False,5,0
AXS_USDT_SWAP,1970-01-01 00:00:00.000017341+00:00,-100.0,False,5,0
SUSHI_USDT_SWAP,1970-01-01 00:00:00.000017349+00:00,200.0,True,5,0
ALGO_USDT_SWAP,1970-01-01 00:00:00.000017354+00:00,200.0,True,5,0
GALA_USDT_SWAP,1970-01-01 00:00:00.000017354+00:00,-100.0,False,5,0
AXS_USDT_SWAP,1970-01-01 00:00:00.000017355+00:00,-100.0,False,5,0
AXS_USDT_SWAP,1970-01-01 00:00:00.000017359+00:00,-100.0,False,5,0
FET_USDT_SWAP,1970-01-01 00:00:00.000017359+00:00,200.0,True,5,0
FET_USDT_SWAP,1970-01-01 00:00:00.000017361+00:00,-100.0,False,5,0
SUSHI_USDT_SWAP,1970-01-01 00:00:00.000017363+00:00,-100.0,False,5,0
FET_USDT_SWAP,1970-01-01 00:00:00.000017368+00:00,-100.0,False,5,0
GALA_USDT_SWAP,1970-01-01 00:00:00.000017368+00:00,-100.0,False,5,0
ICP_USDT_SWAP,1970-01-01 00:00:00.000017371+00:00,200.0,True,5,0
ADA_USDT_SWAP,1970-01-01 00:00:00.000017572+00:00,-100.0,False,1,0
ATOM_USDT_SWAP,1970-01-01 00:00:00.000017572+00:00,-100.0,False,1,0
BNB_USDT_SWAP,1970-01-01 00:00:00.000017572+00:00,-100.0,False,1,0
DOT_USDT_SWAP,1970-01-01 00:00:00.000017572+00:00,-100.0,False,1,0
NEAR_USDT_SWAP,1970-01-01 00:00:00.000017572+00:00,-100.0,False,1,0
OP_USDT_SWAP,1970-01-01 00:00:00.000017572+00:00,-100.0,False,1,0
SUI_USDT_SWAP,1970-01-01 00:00:00.000017572+00:00,-100.0,False,1,0
AVAX_USDT_SWAP,1970-01-01 00:00:00.000017573+00:00,-100.0,False,1,0
BCH_USDT_SWAP,1970-01-01 00:00:00.000017573+00:00,-100.0,False,1,0
BTC_USDT_SWAP,1970-01-01 00:00:00.000017573+00:00,-100.0,False,1,0
DOGE_USDT_SWAP,1970-01-01 00:00:00.000017573+00:00,-100.0,False,1,0
ETH_USDT_SWAP,1970-01-01 00:00:00.000017573+00:00,-100.0,False,1,0
LINK_USDT_SWAP,1970-01-01 00:00:00.000017573+00:00,-100.0,False,1,0
SOL_USDT_SWAP,1970-01-01 00:00:00.000017573+00:00,-100.0,False,1,0
XRP_USDT_SWAP,1970-01-01 00:00:00.000017573+00:00,-100.0,False,1,0
BNB_USDT_SWAP,1970-01-01 00:00:00.000017593+00:00,200.0,True,1,0
DOGE_USDT_SWAP,1970-01-01 00:00:00.000017596+00:00,200.0,True,1,0
LINK_USDT_SWAP,1970-01-01 00:00:00.000017596+00:00,200.0,True,1,0
LTC_USDT_SWAP,1970-01-01 00:00:00.000017596+00:00,200.0,True,1,0
ETH_USDT_SWAP,1970-01-01 00:00:00.000017599+00:00,200.0,True,1,0
ARB_USDT_SWAP,1970-01-01 00:00:00.000017619+00:00,-100.0,False,1,0
DOT_USDT_SWAP,1970-01-01 00:00:00.000017619+00:00,-100.0,False,1,0
NEAR_USDT_SWAP,1970-01-01 00:00:00.000017619+00:00,-100.0,False,1,0
PEPE_USDT_SWAP,1970-01-01 00:00:00.000017619+00:00,-100.0,False,1,0
SUI_USDT_SWAP,1970-01-01 00:00:00.000017619+00:00,-100.0,False,1,0
UNI_USDT_SWAP,1970-01-01 00:00:00.000017619+00:00,-100.0,False,1,0
AVAX_USDT_SWAP,1970-01-01 00:00:00.000017620+00:00,-100.0,False,1,0
AVAX_USDT_SWAP,1970-01-01 00:00:00.000017623+00:00,200.0,True,1,0
BCH_USDT_SWAP,1970-01-01 00:00:00.000017623+00:00,-100.0,False,1,0
XRP_USDT_SWAP,1970-01-01 00:00:00.000017623+00:00,-100.0,False,1,0
ETH_USDT_SWAP,1970-01-01 00:00:00.000017624+00:00,-100.0,False,1,0
ARB_USDT_SWAP,1970-01-01 00:00:00.000017644+00:00,200.0,True,1,0
BNB_USDT_SWAP,1970-01-01 00:00:00.000017644+00:00,200.0,True,1,0
DOT_USDT_SWAP,1970-01-01 00:00:00.000017644+00:00,200.0,True,1,0
AVAX_USDT_SWAP,1970-01-01 00:00:00.000017645+00:00,200.0,True,1,0
ARB_USDT_SWAP,1970-01-01 00:00:00.000017650+00:00,-100.0,False,1,0
FIL_USDT_SWAP,1970-01-01 00:00:00.000017652+00:00,-100.0,False,1,0
ATOM_USDT_SWAP,1970-01-01 00:00:00.000017655+00:00,-100.0,False,1,0
APT_USDT_SWAP,1970-01-01 00:00:00.000017656+00:00,-100.0,False,1,0
ADA_USDT_SWAP,1970-01-01 00:00:00.000017658+00:00,-100.0,False,1,0
ARB_USDT_SWAP,1970-01-01 00:00:00.000017658+00:00,-100.0,False,1,0
ATOM_USDT_SWAP,1970-01-01 00:00:00.000017658+00:00,-100.0,False,1,0
BNB_USDT_SWAP,1970-01-01 00:00:00.000017658+00:00,200.0,True,1,0
DOT_USDT_SWAP,1970-01-01 00:00:00.000017658+00:00,200.0,True,1,0
FIL_USDT_SWAP,1970-01-01 00:00:00.000017658+00:00,-100.0,False,1,0
NEAR_USDT_SWAP,1970-01-01 00:00:00.000017658+00:00,-100.0,False,1,0
OP_USDT_SWAP,1970-01-01 00:00:00.000017658+00:00,-100.0,False,1,0
SUI_USDT_SWAP,1970-01-01 00:00:00.000017658+00:00,200.0,True,1,0
UNI_USDT_SWAP,1970-01-01 00:00:00.000017658+00:00,200.0,True,1,0
APT_USDT_SWAP,1970-01-01 00:00:00.000017659+00:00,-100.0,False,1,0
AVAX_USDT_SWAP,1970-01-01 00:00:00.000017659+00:00,200.0,True,1,0
BTC_USDT_SWAP,1970-01-01 00:00:00.000017659+00:00,200.0,True,1,0
DOGE_USDT_SWAP,1970-01-01 00:00:00.000017659+00:00,200.0,True,1,0
ETH_USDT_SWAP,1970-01-01 00:00:00.000017659+00:00,200.0,True,1,0
LINK_USDT_SWAP,1970-01-01 00:00:00.000017659+00:00,200.0,True,1,0
LTC_USDT_SWAP,1970-01-01 00:00:00.000017659+00:00,200.0,True,1,0
SOL_USDT_SWAP,1970-01-01 00:00:00.000017659+00:00,200.0,True,1,0
XRP_USDT_SWAP,1970-01-01 00:00:00.000017659+00:00,-100.0,False,1,0
ADA_USDT_SWAP,1970-01-01 00:00:00.000017661+00:00,200.0,True,1,0
ETH_USDT_SWAP,1970-01-01 00:00:00.000017667+00:00,200.0,True,1,0
NEAR_USDT_SWAP,1970-01-01 00:00:00.000017667+00:00,-100.0,False,1,0
BTC_USDT_SWAP,1970-01-01 00:00:00.000017668+00:00,-100.0,False,1,0
ARB_USDT_SWAP,1970-01-01 00:00:00.000017691+00:00,-100.0,False,1,0
UNI_USDT_SWAP,1970-01-01 00:00:00.000017691+00:00,-100.0,False,1,0
ETH_USDT_SWAP,1970-01-01 00:00:00.000017692+00:00,-100.0,False,1,0
ARB_USDT_SWAP,1970-01-01 00:00:00.000017695+00:00,200.0,True,1,0
DOT_USDT_SWAP,1970-01-01 00:00:00.000017695+00:00,200.0,True,1,0
OP_USDT_SWAP,1970-01-01 00:00:00.000017695+00:00,200.0,True,1,0
UNI_USDT_SWAP,1970-01-01 00:00:00.000017695+00:00,200.0,True,1,0
ARB_USDT_SWAP,1970-01-01 00:00:00.000017696+00:00,-100.0,False,1,0
BTC_USDT_SWAP,1970-01-01 00:00:00.000017696+00:00,200.0,True,1,0
DOT_USDT_SWAP,1970-01-01 00:00:00.000017696+00:00,-100.0,False,1,0
ETH_USDT_SWAP,1970-01-01 00:00:00.000017696+00:00,200.0,True,1,0
OP_USDT_SWAP,1970-01-01 00:00:00.000017696+00:00,-100.0,False,1,0
SOL_USDT_SWAP,1970-01-01 00:00:00.000017696+00:00,200.0,True,1,0
UNI_USDT_SWAP,1970-01-01 00:00:00.000017696+00:00,-100.0,False,1,0
BTC_USDT_SWAP,1970-01-01 00:00:00.000017697+00:00,-100.0,False,1,0
ETH_USDT_SWAP,1970-01-01 00:00:00.000017697+00:00,-100.0,False,1,0
BTC_USDT_SWAP,1970-01-01 00:00:00.000017719+00:00,200.0,True,1,0
SUI_USDT_SWAP,1970-01-01 00:00:00.000017738+00:00,-100.0,False,1,0
SOL_USDT_SWAP,1970-01-01 00:00:00.000017739+00:00,-100.0,False,1,0
XRP_USDT_SWAP,1970-01-01 00:00:00.000017739+00:00,-100.0,False,1,0
ADA_USDT_SWAP,1970-01-01 00:00:00.000017740+00:00,-100.0,False,1,0
ARB_USDT_SWAP,1970-01-01 00:00:00.000017740+00:00,-100.0,False,1,0
BNB_USDT_SWAP,1970-01-01 00:00:00.000017740+00:00,-100.0,False,1,0
DOT_USDT_SWAP,1970-01-01 00:00:00.000017740+00:00,-100.0,False,1,0
NEAR_USDT_SWAP,1970-01-01 00:00:00.000017740+00:00,-100.0,False,1,0
OP_USDT_SWAP,1970-01-01 00:00:00.000017740+00:00,-100.0,False,1,0
PEPE_USDT_SWAP,1970-01-01 00:00:00.000017740+00:00,-100.0,False,1,0
SUI_USDT_SWAP,1970-01-01 00:00:00.000017740+00:00,-100.0,False,1,0
UNI_USDT_SWAP,1970-01-01 00:00:00.000017740+00:00,-100.0,False,1,0
APT_USDT_SWAP,1970-01-01 00:00:00.000017741+00:00,-100.0,False,1,0
AVAX_USDT_SWAP,1970-01-01 00:00:00.000017741+00:00,-100.0,False,1,0
BTC_USDT_SWAP,1970-01-01 00:00:00.000017741+00:00,-100.0,False,1,0
DOGE_USDT_SWAP,1970-01-01 00:00:00.000017741+00:00,-100.0,False,1,0
ETH_USDT_SWAP,1970-01-01 00:00:00.000017741+00:00,-100.0,False,1,0
LINK_USDT_SWAP,1970-01-01 00:00:00.000017741+00:00,-100.0,False,1,0
LTC_USDT_SWAP,1970-01-01 00:00:00.000017741+00:00,-100.0,False,1,0
SOL_USDT_SWAP,1970-01-01 00:00:00.000017741+00:00,-100.0,False,1,0
AVAX_USDT_SWAP,1970-01-01 00:00:00.000017743+00:00,-100.0,False,1,0
LTC_USDT_SWAP,1970-01-01 00:00:00.000017746+00:00,200.0,True,1,0
BNB_USDT_SWAP,1970-01-01 00:00:00.000017748+00:00,200.0,True,1,0
BTC_USDT_SWAP,1970-01-01 00:00:00.000017749+00:00,200.0,True,1,0
ETH_USDT_SWAP,1970-01-01 00:00:00.000017749+00:00,200.0,True,1,0
XRP_USDT_SWAP,1970-01-01 00:00:00.000017749+00:00,200.0,True,1,0
XRP_USDT_SWAP,1970-01-01 00:00:00.000017764+00:00,-100.0,False,1,0
PEPE_USDT_SWAP,1970-01-01 00:00:00.000017808+00:00,-100.0,False,1,0
APT_USDT_SWAP,1970-01-01 00:00:00.000017861+00:00,-100.0,False,1,0
APT_USDT_SWAP,1970-01-01 00:00:00.000017882+00:00,-100.0,False,1,0
SUI_USDT_SWAP,1970-01-01 00:00:00.000017905+00:00,-100.0,False,1,0
SOL_USDT_SWAP,1970-01-01 00:00:00.000018005+00:00,200.0,True,1,0
OP_USDT_SWAP,1970-01-01 00:00:00.000018063+00:00,-100.0,False,1,0
OP_USDT_SWAP,1970-01-01 00:00:00.000018069+00:00,-100.0,False,1,0
DOT_USDT_SWAP,1970-01-01 00:00:00.000018074+00:00,-100.0,False,1,0
SUI_USDT_SWAP,1970-01-01 00:00:00.000018074+00:00,-100.0,False,1,0
XRP_USDT_SWAP,1970-01-01 00:00:00.000018075+00:00,-100.0,False,1,0
ARB_USDT_SWAP,1970-01-01 00:00:00.000018076+00:00,-100.0,False,1,0
ARB_USDT_SWAP,1970-01-01 00:00:00.000018096+00:00,-100.0,False,1,0
ETH_USDT_SWAP,1970-01-01 00:00:00.000018099+00:00,200.0,True,1,0
ARB_USDT_SWAP,1970-01-01 00:00:00.000018099+00:00,-100.0,False,1,0
OP_USDT_SWAP,1970-01-01 00:00:00.000018099+00:00,-100.0,False,1,0
ARB_USDT_SWAP,1970-01-01 00:00:00.000018116+00:00,200.0,True,1,0
ARB_USDT_SWAP,1970-01-01 00:00:00.000018117+00:00,200.0,True,1,0
APT_USDT_SWAP,1970-01-01 00:00:00.000018142+00:00,200.0,True,1,0
OP_USDT_SWAP,1970-01-01 00:00:00.000018145+00:00,-100.0,False,1,0
XRP_USDT_SWAP,1970-01-01 00:00:00.000018155+00:00,-100.0,False,1,0
BNB_USDT_SWAP,1970-01-01 00:00:00.000018158+00:00,200.0,True,1,0
DOT_USDT_SWAP,1970-01-01 00:00:00.000018158+00:00,200.0,True,1,0
SUI_USDT_SWAP,1970-01-01 00:00:00.000018158+00:00,200.0,True,1,0
UNI_USDT_SWAP,1970-01-01 00:00:00.000018158+00:00,200.0,True,1,0
BTC_USDT_SWAP,1970-01-01 00:00:00.000018159+00:00,200.0,True,1,0
LINK_USDT_SWAP,1970-01-01 00:00:00.000018159+00:00,200.0,True,1,0
LTC_USDT_SWAP,1970-01-01 00:00:00.000018159+00:00,200.0,True,1,0
BNB_USDT_SWAP,1970-01-01 00:00:00.000018161+00:00,200.0,True,1,0
APT_USDT_SWAP,1970-01-01 00:00:00.000018163+00:00,-100.0,False,1,0
BTC_USDT_SWAP,1970-01-01 00:00:00.000018163+00:00,200.0,True,1,0
NEAR_USDT_SWAP,1970-01-01 00:00:00.000018195+00:00,200.0,True,1,0
BTC_USDT_SWAP,1970-01-01 00:00:00.000018196+00:00,200.0,True,1,0
ETH_USDT_SWAP,1970-01-01 00:00:00.000018196+00:00,200.0,True,1,0
LTC_USDT_SWAP,1970-01-01 00:00:00.000018196+00:00,200.0,True,1,0
BTC_USDT_SWAP,1970-01-01 00:00:00.000018197+00:00,-100.0,False,1,0
ETH_USDT_SWAP,1970-01-01 00:00:00.000018197+00:00,-100.0,False,1,0
FIL_USDT_SWAP,1970-01-01 00:00:00.000018197+00:00,200.0,True,1,0
ATOM_USDT_SWAP,1970-01-01 00:00:00.000018205+00:00,-100.0,False,1,0
BCH_USDT_SWAP,1970-01-01 00:00:00.000018206+00:00,200.0,True,1,0
WIF_USDT_SWAP,1970-01-01 00:00:00.000018245+00:00,200.0,True,3,0
ADA_USDT_SWAP,1970-01-01 00:00:00.000018283+00:00,-100.0,False,1,0
BNB_USDT_SWAP,1970-01-01 00:00:00.000018283+00:00,-100.0,False,1,0
PEPE_USDT_SWAP,1970-01-01 00:00:00.000018283+00:00,-100.0,False,1,0
SUI_USDT_SWAP,1970-01-01 00:00:00.000018283+00:00,-100.0,False,1,0
AVAX_USDT_SWAP,1970-01-01 00:00:00.000018284+00:00,-100.0,False,1,0
BCH_USDT_SWAP,1970-01-01 00:00:00.000018284+00:00,-100.0,False,1,0
BTC_USDT_SWAP,1970-01-01 00:00:00.000018284+00:00,-100.0,False,1,0
DOGE_USDT_SWAP,1970-01-01 00:00:00.000018284+00:00,-100.0,False,1,0
ETH_USDT_SWAP,1970-01-01 00:00:00.000018284+00:00,-100.0,False,1,0
LINK_USDT_SWAP,1970-01-01 00:00:00.000018284+00:00,-100.0,False,1,0
LTC_USDT_SWAP,1970-01-01 00:00:00.000018284+00:00,-100.0,False,1,0
SOL_USDT_SWAP,1970-01-01 00:00:00.000018284+00:00,-100.0,False,1,0
XRP_USDT_SWAP,1970-01-01 00:00:00.000018284+00:00,-100.0,False,1,0
BNB_USDT_SWAP,1970-01-01 00:00:00.000018289+00:00,-100.0,False,1,0
PEPE_USDT_SWAP,1970-01-01 00:00:00.000018302+00:00,-100.0,False,1,0
ATOM_USDT_SWAP,1970-01-01 00:00:00.000018495+00:00,-100.0,False,2,0
BNB_USDT_SWAP,1970-01-01 00:00:00.000018495+00:00,-100.0,False,2,0
BTC_USDT_SWAP,1970-01-01 00:00:00.000018496+00:00,-100.0,False,2,0
WIF_USDT_SWAP,1970-01-01 00:00:00.000018686+00:00,200.0,True,4,0
ARB_USDT_SWAP,1970-01-01 00:00:00.000018745+00:00,-100.0,False,2,0
BNB_USDT_SWAP,1970-01-01 00:00:00.000018745+00:00,-100.0,False,2,0
SUI_USDT_SWAP,1970-01-01 00:00:00.000018745+00:00,-100.0,False,2,0
UNI_USDT_SWAP,1970-01-01 00:00:00.000018745+00:00,-100.0,False,2,0
AVAX_USDT_SWAP,1970-01-01 00:00:00.000018746+00:00,-100.0,False,2,0
BTC_USDT_SWAP,1970-01-01 00:00:00.000018746+00:00,-100.0,False,2,0
DOGE_USDT_SWAP,1970-01-01 00:00:00.000018746+00:00,-100.0,False,2,0
LINK_USDT_SWAP,1970-01-01 00:00:00.000018746+00:00,-100.0,False,2,0
WIF_USDT_SWAP,1970-01-01 00:00:00.000018751+00:00,-100.0,False,4,0
ATOM_USDT_SWAP,1970-01-01 00:00:00.000018755+00:00,-100.0,False,2,0
ETH_USDT_SWAP,1970-01-01 00:00:00.000018771+00:00,200.0,True,2,0
NEAR_USDT_SWAP,1970-01-01 00:00:00.000018804+00:00,200.0,True,2,0
PEPE_USDT_SWAP,1970-01-01 00:00:00.000018804+00:00,-100.0,False,2,0
UNI_USDT_SWAP,1970-01-01 00:00:00.000018804+00:00,-100.0,False,2,0
SOL_USDT_SWAP,1970-01-01 00:00:00.000018827+00:00,-100.0,False,2,0
UNI_USDT_SWAP,1970-01-01 00:00:00.000018833+00:00,-100.0,False,2,0
BTC_USDT_SWAP,1970-01-01 00:00:00.000018834+00:00,-100.0,False,2,0
XRP_USDT_SWAP,1970-01-01 00:00:00.000018834+00:00,-100.0,False,2,0
UNI_USDT_SWAP,1970-01-01 00:00:00.000018835+00:00,-100.0,False,2,0
BNB_USDT_SWAP,1970-01-01 00:00:00.000018835+00:00,200.0,True,2,0
FIL_USDT_SWAP,1970-01-01 00:00:00.000018835+00:00,200.0,True,2,0
SOL_USDT_SWAP,1970-01-01 00:00:00.000018836+00:00,-100.0,False,2,0
BTC_USDT_SWAP,1970-01-01 00:00:00.000018836+00:00,200.0,True,2,0
ETH_USDT_SWAP,1970-01-01 00:00:00.000018836+00:00,200.0,True,2,0
XRP_USDT_SWAP,1970-01-01 00:00:00.000018836+00:00,-100.0,False,2,0
WIF_USDT_SWAP,1970-01-01 00:00:00.000018867+00:00,200.0,True,4,0
DOT_USDT_SWAP,1970-01-01 00:00:00.000018920+00:00,200.0,True,2,0
ADA_USDT_SWAP,1970-01-01 00:00:00.000018935+00:00,-100.0,False,2,0
BNB_USDT_SWAP,1970-01-01 00:00:00.000018935+00:00,200.0,True,2,0
FIL_USDT_SWAP,1970-01-01 00:00:00.000018935+00:00,200.0,True,2,0
UNI_USDT_SWAP,1970-01-01 00:00:00.000018935+00:00,-100.0,False,2,0
BTC_USDT_SWAP,1970-01-01 00:00:00.000018939+00:00,-100.0,False,2,0
ETH_USDT_SWAP,1970-01-01 00:00:00.000018939+00:00,200.0,True,2,0
ETH_USDT_SWAP,1970-01-01 00:00:00.000018940+00:00,-100.0,False,2,0
XRP_USDT_SWAP,1970-01-01 00:00:00.000018940+00:00,-100.0,False,2,0
FIL_USDT_SWAP,1970-01-01 00:00:00.000018970+00:00,-100.0,False,2,0
BCH_USDT_SWAP,1970-01-01 00:00:00.000018990+00:00,-100.0,False,2,0
ARB_USDT_SWAP,1970-01-01 00:00:00.000018995+00:00,200.0,True,2,0
ATOM_USDT_SWAP,1970-01-01 00:00:00.000018995+00:00,200.0,True,2,0
BNB_USDT_SWAP,1970-01-01 00:00:00.000018995+00:00,200.0,True,2,0
DOT_USDT_SWAP,1970-01-01 00:00:00.000018995+00:00,200.0,True,2,0
FIL_USDT_SWAP,1970-01-01 00:00:00.000018995+00:00,200.0,True,2,0
OP_USDT_SWAP,1970-01-01 00:00:00.000018995+00:00,200.0,True,2,0
UNI_USDT_SWAP,1970-01-01 00:00:00.000018995+00:00,200.0,True,2,0
AVAX_USDT_SWAP,1970-01-01 00:00:00.000018996+00:00,200.0,True,2,0
ETH_USDT_SWAP,1970-01-01 00:00:00.000018996+00:00,200.0,True,2,0
LINK_USDT_SWAP,1970-01-01 00:00:00.000018996+00:00,200.0,True,2,0
LTC_USDT_SWAP,1970-01-01 00:00:00.000018996+00:00,200.0,True,2,0
SOL_USDT_SWAP,1970-01-01 00:00:00.000018996+00:00,200.0,True,2,0
XRP_USDT_SWAP,1970-01-01 00:00:00.000018996+00:00,200.0,True,2,0
BNB_USDT_SWAP,1970-01-01 00:00:00.000018997+00:00,200.0,True,2,0
APT_USDT_SWAP,1970-01-01 00:00:00.000018997+00:00,200.0,True,2,0
ADA_USDT_SWAP,1970-01-01 00:00:00.000018998+00:00,200.0,True,2,0
FIL_USDT_SWAP,1970-01-01 00:00:00.000018998+00:00,200.0,True,2,0
SUI_USDT_SWAP,1970-01-01 00:00:00.000018998+00:00,200.0,True,2,0
UNI_USDT_SWAP,1970-01-01 00:00:00.000019073+00:00,200.0,True,2,0
UNI_USDT_SWAP,1970-01-01 00:00:00.000019082+00:00,-100.0,False,2,0
APT_USDT_SWAP,1970-01-01 00:00:00.000019085+00:00,-100.0,False,2,0
BCH_USDT_SWAP,1970-01-01 00:00:00.000019164+00:00,200.0,True,2,0
AVAX_USDT_SWAP,1970-01-01 00:00:00.000019195+00:00,200.0,True,2,0
WIF_USDT_SWAP,1970-01-01 00:00:00.000019591+00:00,-100.0,False,5,0
XRP_USDT_SWAP,1970-01-01 00:00:00.000019708+00:00,200.0,True,3,0
BCH_USDT_SWAP,1970-01-01 00:00:00.000020067+00:00,-100.0,False,3,0
ARB_USDT_SWAP,1970-01-01 00:00:00.000020114+00:00,200.0,True,3,0
FIL_USDT_SWAP,1970-01-01 00:00:00.000020114+00:00,200.0,True,3,0
OP_USDT_SWAP,1970-01-01 00:00:00.000020114+00:00,-100.0,False,3,0
APT_USDT_SWAP,1970-01-01 00:00:00.000020115+00:00,200.0,True,3,0
SUI_USDT_SWAP,1970-01-01 00:00:00.000020131+00:00,-100.0,False,3,0
UNI_USDT_SWAP,1970-01-01 00:00:00.000020131+00:00,-100.0,False,3,0
ETH_USDT_SWAP,1970-01-01 00:00:00.000020135+00:00,200.0,True,3,0
LTC_USDT_SWAP,1970-01-01 00:00:00.000020135+00:00,200.0,True,3,0
XRP_USDT_SWAP,1970-01-01 00:00:00.000020135+00:00,200.0,True,3,0
XRP_USDT_SWAP,1970-01-01 00:00:00.000020151+00:00,200.0,True,3,0
ARB_USDT_SWAP,1970-01-01 00:00:00.000020154+00:00,-100.0,False,3,0
FIL_USDT_SWAP,1970-01-01 00:00:00.000020172+00:00,-100.0,False,3,0
SOL_USDT_SWAP,1970-01-01 00:00:00.000020173+00:00,-100.0,False,3,0
ARB_USDT_SWAP,1970-01-01 00:00:00.000020184+00:00,-100.0,False,4,0
BCH_USDT_SWAP,1970-01-01 00:00:00.000020185+00:00,200.0,True,4,0
BTC_USDT_SWAP,1970-01-01 00:00:00.000020185+00:00,-100.0,False,4,0
ETH_USDT_SWAP,1970-01-01 00:00:00.000020185+00:00,-100.0,False,4,0
BTC_USDT_SWAP,1970-01-01 00:00:00.000020188+00:00,200.0,True,4,0
DOT_USDT_SWAP,1970-01-01 00:00:00.000020191+00:00,-100.0,False,4,0
PEPE_USDT_SWAP,1970-01-01 00:00:00.000020191+00:00,-100.0,False,4,0
AVAX_USDT_SWAP,1970-01-01 00:00:00.000020192+00:00,200.0,True,4,0
ETH_USDT_SWAP,1970-01-01 00:00:00.000020192+00:00,-100.0,False,4,0
LINK_USDT_SWAP,1970-01-01 00:00:00.000020192+00:00,-100.0,False,4,0
SOL_USDT_SWAP,1970-01-01 00:00:00.000020192+00:00,-100.0,False,4,0
ARB_USDT_SWAP,1970-01-01 00:00:00.000020234+00:00,-100.0,False,4,0
OP_USDT_SWAP,1970-01-01 00:00:00.000020234+00:00,200.0,True,4,0
OP_USDT_SWAP,1970-01-01 00:00:00.000020235+00:00,200.0,True,4,0
BNB_USDT_SWAP,1970-01-01 00:00:00.000020300+00:00,-100.0,False,4,0
BCH_USDT_SWAP,1970-01-01 00:00:00.000020301+00:00,-100.0,False,4,0
BTC_USDT_SWAP,1970-01-01 00:00:00.000020301+00:00,-100.0,False,4,0
UNI_USDT_SWAP,1970-01-01 00:00:00.000020306+00:00,200.0,True,4,0
BTC_USDT_SWAP,1970-01-01 00:00:00.000020307+00:00,-100.0,False,4,0
ETH_USDT_SWAP,1970-01-01 00:00:00.000020307+00:00,-100.0,False,4,0
SOL_USDT_SWAP,1970-01-01 00:00:00.000020307+00:00,-100.0,False,4,0
SUI_USDT_SWAP,1970-01-01 00:00:00.000020307+00:00,200.0,True,4,0
BCH_USDT_SWAP,1970-01-01 00:00:00.000020339+00:00,200.0,True,4,0
SUI_USDT_SWAP,1970-01-01 00:00:00.000020416+00:00,-100.0,False,4,0
BCH_USDT_SWAP,1970-01-01 00:00:00.000020419+00:00,200.0,True,4,0
ATOM_USDT_SWAP,1970-01-01 00:00:00.000020423+00:00,-100.0,False,4,0
BTC_USDT_SWAP,1970-01-01 00:00:00.000020427+00:00,-100.0,False,4,0
ETH_USDT_SWAP,1970-01-01 00:00:00.000020427+00:00,-100.0,False,4,0
BNB_USDT_SWAP,1970-01-01 00:00:00.000020452+00:00,-100.0,False,4,0
ETH_USDT_SWAP,1970-01-01 00:00:00.000020452+00:00,200.0,True,4,0
SUI_USDT_SWAP,1970-01-01 00:00:00.000020452+00:00,-100.0,False,4,0
LTC_USDT_SWAP,1970-01-01 00:00:00.000020517+00:00,200.0,True,4,0
SUI_USDT_SWAP,1970-01-01 00:00:00.000020522+00:00,-100.0,False,4,0
BTC_USDT_SWAP,1970-01-01 00:00:00.000020525+00:00,200.0,True,4,0
DOT_USDT_SWAP,1970-01-01 00:00:00.000020525+00:00,200.0,True,4,0
UNI_USDT_SWAP,1970-01-01 00:00:00.000020525+00:00,-100.0,False,4,0
SOL_USDT_SWAP,1970-01-01 00:00:00.000020526+00:00,-100.0,False,4,0
ADA_USDT_SWAP,1970-01-01 00:00:00.000020534+00:00,-100.0,False,4,0
UNI_USDT_SWAP,1970-01-01 00:00:00.000020534+00:00,200.0,True,4,0
BTC_USDT_SWAP,1970-01-01 00:00:00.000020535+00:00,200.0,True,4,0
ETH_USDT_SWAP,1970-01-01 00:00:00.000020535+00:00,200.0,True,4,0
XRP_USDT_SWAP,1970-01-01 00:00:00.000020535+00:00,200.0,True,4,0
APT_USDT_SWAP,1970-01-01 00:00:00.000020549+00:00,200.0,True,4,0
BTC_USDT_SWAP,1970-01-01 00:00:00.000020549+00:00,200.0,True,4,0
DOGE_USDT_SWAP,1970-01-01 00:00:00.000020549+00:00,200.0,True,4,0
ETH_USDT_SWAP,1970-01-01 00:00:00.000020549+00:00,200.0,True,4,0
LINK_USDT_SWAP,1970-01-01 00:00:00.000020549+00:00,200.0,True,4,0
SOL_USDT_SWAP,1970-01-01 00:00:00.000020549+00:00,200.0,True,4,0
BCH_USDT_SWAP,1970-01-01 00:00:00.000020552+00:00,200.0,True,4,0
ADA_USDT_SWAP,1970-01-01 00:00:00.000020555+00:00,200.0,True,4,0
ATOM_USDT_SWAP,1970-01-01 00:00:00.000020555+00:00,200.0,True,4,0
DOT_USDT_SWAP,1970-01-01 00:00:00.000020555+00:00,200.0,True,4,0
UNI_USDT_SWAP,1970-01-01 00:00:00.000020555+00:00,200.0,True,4,0
APT_USDT_SWAP,1970-01-01 00:00:00.000020556+00:00,200.0,True,4,0
AVAX_USDT_SWAP,1970-01-01 00:00:00.000020556+00:00,200.0,True,4,0
DOGE_USDT_SWAP,1970-01-01 00:00:00.000020556+00:00,200.0,True,4,0
LINK_USDT_SWAP,1970-01-01 00:00:00.000020556+00:00,200.0,True,4,0
LTC_USDT_SWAP,1970-01-01 00:00:00.000020556+00:00,200.0,True,4,0
SOL_USDT_SWAP,1970-01-01 00:00:00.000020556+00:00,200.0,True,4,0
BCH_USDT_SWAP,1970-01-01 00:00:00.000020561+00:00,200.0,True,4,0
SUI_USDT_SWAP,1970-01-01 00:00:00.000020561+00:00,-100.0,False,4,0
LINK_USDT_SWAP,1970-01-01 00:00:00.000020562+00:00,200.0,True,4,0
UNI_USDT_SWAP,1970-01-01 00:00:00.000020567+00:00,200.0,True,4,0
ETH_USDT_SWAP,1970-01-01 00:00:00.000020578+00:00,-100.0,False,4,0
ADA_USDT_SWAP,1970-01-01 00:00:00.000020582+00:00,200.0,True,4,0
ARB_USDT_SWAP,1970-01-01 00:00:00.000020582+00:00,200.0,True,4,0
ATOM_USDT_SWAP,1970-01-01 00:00:00.000020582+00:00,200.0,True,4,0
BNB_USDT_SWAP,1970-01-01 00:00:00.000020582+00:00,200.0,True,4,0
PEPE_USDT_SWAP,1970-01-01 00:00:00.000020582+00:00,200.0,True,4,0
SUI_USDT_SWAP,1970-01-01 00:00:00.000020582+00:00,200.0,True,4,0
UNI_USDT_SWAP,1970-01-01 00:00:00.000020582+00:00,200.0,True,4,0
APT_USDT_SWAP,1970-01-01 00:00:00.000020583+00:00,200.0,True,4,0
AVAX_USDT_SWAP,1970-01-01 00:00:00.000020583+00:00,200.0,True,4,0
BCH_USDT_SWAP,1970-01-01 00:00:00.000020583+00:00,200.0,True,4,0
BNB_USDT_SWAP,1970-01-01 00:00:00.000020583+00:00,-100.0,False,4,0
BTC_USDT_SWAP,1970-01-01 00:00:00.000020583+00:00,200.0,True,4,0
DOGE_USDT_SWAP,1970-01-01 00:00:00.000020583+00:00,200.0,True,4,0
ETH_USDT_SWAP,1970-01-01 00:00:00.000020583+00:00,200.0,True,4,0
LINK_USDT_SWAP,1970-01-01 00:00:00.000020583+00:00,200.0,True,4,0
LTC_USDT_SWAP,1970-01-01 00:00:00.000020583+00:00,200.0,True,4,0
SOL_USDT_SWAP,1970-01-01 00:00:00.000020583+00:00,200.0,True,4,0
XRP_USDT_SWAP,1970-01-01 00:00:00.000020583+00:00,200.0,True,4,0
BTC_USDT_SWAP,1970-01-01 00:00:00.000020584+00:00,200.0,True,4,0
APT_USDT_SWAP,1970-01-01 00:00:00.000020593+00:00,-100.0,False,4,0
OP_USDT_SWAP,1970-01-01 00:00:00.000020593+00:00,-100.0,False,4,0
ADA_USDT_SWAP,1970-01-01 00:00:00.000020608+00:00,-100.0,False,4,0
AVAX_USDT_SWAP,1970-01-01 00:00:00.000020609+00:00,-100.0,False,4,0
BNB_USDT_SWAP,1970-01-01 00:00:00.000020611+00:00,-100.0,False,4,0
DOT_USDT_SWAP,1970-01-01 00:00:00.000020611+00:00,-100.0,False,4,0
FIL_USDT_SWAP,1970-01-01 00:00:00.000020611+00:00,-100.0,False,4,0
NEAR_USDT_SWAP,1970-01-01 00:00:00.000020611+00:00,-100.0,False,4,0
PEPE_USDT_SWAP,1970-01-01 00:00:00.000020611+00:00,-100.0,False,4,0
SUI_USDT_SWAP,1970-01-01 00:00:00.000020611+00:00,-100.0,False,4,0
UNI_USDT_SWAP,1970-01-01 00:00:00.000020611+00:00,-100.0,False,4,0
AVAX_USDT_SWAP,1970-01-01 00:00:00.000020612+00:00,-100.0,False,4,0
BCH_USDT_SWAP,1970-01-01 00:00:00.000020612+00:00,-100.0,False,4,0
BTC_USDT_SWAP,1970-01-01 00:00:00.000020612+00:00,-100.0,False,4,0
DOGE_USDT_SWAP,1970-01-01 00:00:00.000020612+00:00,-100.0,False,4,0
ETH_USDT_SWAP,1970-01-01 00:00:00.000020612+00:00,-100.0,False,4,0
LINK_USDT_SWAP,1970-01-01 00:00:00.000020612+00:00,-100.0,False,4,0
LTC_USDT_SWAP,1970-01-01 00:00:00.000020612+00:00,-100.0,False,4,0
SOL_USDT_SWAP,1970-01-01 00:00:00.000020612+00:00,-100.0,False,4,0
ATOM_USDT_SWAP,1970-01-01 00:00:00.000020616+00:00,-100.0,False,4,0
BNB_USDT_SWAP,1970-01-01 00:00:00.000020618+00:00,-100.0,False,4,0
DOT_USDT_SWAP,1970-01-01 00:00:00.000020618+00:00,-100.0,False,4,0
FIL_USDT_SWAP,1970-01-01 00:00:00.000020618+00:00,-100.0,False,4,0
OP_USDT_SWAP,1970-01-01 00:00:00.000020618+00:00,-100.0,False,4,0
PEPE_USDT_SWAP,1970-01-01 00:00:00.000020618+00:00,-100.0,False,4,0
UNI_USDT_SWAP,1970-01-01 00:00:00.000020618+00:00,-100.0,False,4,0
APT_USDT_SWAP,1970-01-01 00:00:00.000020619+00:00,-100.0,False,4,0
AVAX_USDT_SWAP,1970-01-01 00:00:00.000020619+00:00,-100.0,False,4,0
BTC_USDT_SWAP,1970-01-01 00:00:00.000020619+00:00,-100.0,False,4,0
DOGE_USDT_SWAP,1970-01-01 00:00:00.000020619+00:00,-100.0,False,4,0
LINK_USDT_SWAP,1970-01-01 00:00:00.000020619+00:00,-100.0,False,4,0
LTC_USDT_SWAP,1970-01-01 00:00:00.000020619+00:00,-100.0,False,4,0
SOL_USDT_SWAP,1970-01-01 00:00:00.000020619+00:00,-100.0,False,4,0
ARB_USDT_SWAP,1970-01-01 00:00:00.000020620+00:00,-100.0,False,4,0
ATOM_USDT_SWAP,1970-01-01 00:00:00.000020620+00:00,-100.0,False,4,0
DOT_USDT_SWAP,1970-01-01 00:00:00.000020620+00:00,-100.0,False,4,0
FIL_USDT_SWAP,1970-01-01 00:00:00.000020620+00:00,200.0,True,4,0
NEAR_USDT_SWAP,1970-01-01 00:00:00.000020620+00:00,-100.0,False,4,0
OP_USDT_SWAP,1970-01-01 00:00:00.000020620+00:00,-100.0,False,4,0
PEPE_USDT_SWAP,1970-01-01 00:00:00.000020620+00:00,-100.0,False,4,0
SUI_USDT_SWAP,1970-01-01 00:00:00.000020620+00:00,-100.0,False,4,0
UNI_USDT_SWAP,1970-01-01 00:00:00.000020620+00:00,-100.0,False,4,0
APT_USDT_SWAP,1970-01-01 00:00:00.000020621+00:00,-100.0,False,4,0
AVAX_USDT_SWAP,1970-01-01 00:00:00.000020621+00:00,-100.0,False,4,0
BCH_USDT_SWAP,1970-01-01 00:00:00.000020621+00:00,-100.0,False,4,0
BTC_USDT_SWAP,1970-01-01 00:00:00.000020621+00:00,-100.0,False,4,0
DOGE_USDT_SWAP,1970-01-01 00:00:00.000020621+00:00,-100.0,False,4,0
ETH_USDT_SWAP,1970-01-01 00:00:00.000020621+00:00,-100.0,False,4,0
LINK_USDT_SWAP,1970-01-01 00:00:00.000020621+00:00,-100.0,False,4,0
SOL_USDT_SWAP,1970-01-01 00:00:00.000020621+00:00,-100.0,False,4,0
XRP_USDT_SWAP,1970-01-01 00:00:00.000020621+00:00,-100.0,False,4,0
LTC_USDT_SWAP,1970-01-01 00:00:00.000020624+00:00,200.0,True,4,0
SOL_USDT_SWAP,1970-01-01 00:00:00.000020624+00:00,200.0,True,4,0
AVAX_USDT_SWAP,1970-01-01 00:00:00.000020625+00:00,200.0,True,4,0
BNB_USDT_SWAP,1970-01-01 00:00:00.000020633+00:00,-100.0,False,4,0
DOT_USDT_SWAP,1970-01-01 00:00:00.000020633+00:00,-100.0,False,4,0
BCH_USDT_SWAP,1970-01-01 00:00:00.000020634+00:00,200.0,True,4,0
DOGE_USDT_SWAP,1970-01-01 00:00:00.000020634+00:00,-100.0,False,4,0
LTC_USDT_SWAP,1970-01-01 00:00:00.000020634+00:00,200.0,True,4,0
SOL_USDT_SWAP,1970-01-01 00:00:00.000020634+00:00,-100.0,False,4,0
XRP_USDT_SWAP,1970-01-01 00:00:00.000020634+00:00,-100.0,False,4,0
BCH_USDT_SWAP,1970-01-01 00:00:00.000020635+00:00,200.0,True,4,0
NEAR_USDT_SWAP,1970-01-01 00:00:00.000020653+00:00,-100.0,False,4,0
BNB_USDT_SWAP,1970-01-01 00:00:00.000020658+00:00,200.0,True,4,0
BCH_USDT_SWAP,1970-01-01 00:00:00.000020734+00:00,-100.0,False,4,0
UNI_USDT_SWAP,1970-01-01 00:00:00.000020737+00:00,-100.0,False,4,0
BCH_USDT_SWAP,1970-01-01 00:00:00.000020737+00:00,200.0,True,4,0
BTC_USDT_SWAP,1970-01-01 00:00:00.000020737+00:00,200.0,True,4,0
XRP_USDT_SWAP,1970-01-01 00:00:00.000020737+00:00,200.0,True,4,0
BCH_USDT_SWAP,1970-01-01 00:00:00.000020738+00:00,200.0,True,4,0
BCH_USDT_SWAP,1970-01-01 00:00:00.000020749+00:00,200.0,True,4,0
BCH_USDT_SWAP,1970-01-01 00:00:00.000020842+00:00,-100.0,False,4,0
BNB_USDT_SWAP,1970-01-01 00:00:00.000020932+00:00,-100.0,False,4,0
DOGE_USDT_SWAP,1970-01-01 00:00:00.000020933+00:00,-100.0,False,4,0
ATOM_USDT_SWAP,1970-01-01 00:00:00.000020953+00:00,-100.0,False,4,0
BNB_USDT_SWAP,1970-01-01 00:00:00.000020953+00:00,-100.0,False,4,0
AVAX_USDT_SWAP,1970-01-01 00:00:00.000020972+00:00,200.0,True,4,0
ADA_USDT_SWAP,1970-01-01 00:00:00.000020979+00:00,-100.0,False,4,0
BCH_USDT_SWAP,1970-01-01 00:00:00.000020980+00:00,-100.0,False,4,0
ATOM_USDT_SWAP,1970-01-01 00:00:00.000021013+00:00,-100.0,False,4,0
ADA_USDT_SWAP,1970-01-01 00:00:00.000021049+00:00,-100.0,False,4,0
BTC_USDT_SWAP,1970-01-01 00:00:00.000021050+00:00,200.0,True,4,0
BTC_USDT_SWAP,1970-01-01 00:00:00.000021051+00:00,-100.0,False,4,0
ADA_USDT_SWAP,1970-01-01 00:00:00.000021071+00:00,-100.0,False,5,0
XRP_USDT_SWAP,1970-01-01 00:00:00.000021072+00:00,-100.0,False,5,0
ARB_USDT_SWAP,1970-01-01 00:00:00.000021074+00:00,-100.0,False,5,0
DOT_USDT_SWAP,1970-01-01 00:00:00.000021074+00:00,-100.0,False,5,0
SUI_USDT_SWAP,1970-01-01 00:00:00.000021074+00:00,-100.0,False,5,0
ADA_USDT_SWAP,1970-01-01 00:00:00.000021074+00:00,-100.0,False,5,0
LTC_USDT_SWAP,1970-01-01 00:00:00.000021075+00:00,-100.0,False,5,0
NEAR_USDT_SWAP,1970-01-01 00:00:00.000021078+00:00,200.0,True,5,0
ARB_USDT_SWAP,1970-01-01 00:00:00.000021080+00:00,200.0,True,5,0
BTC_USDT_SWAP,1970-01-01 00:00:00.000021081+00:00,200.0,True,5,0
ATOM_USDT_SWAP,1970-01-01 00:00:00.000021098+00:00,200.0,True,5,0
PEPE_USDT_SWAP,1970-01-01 00:00:00.000021098+00:00,200.0,True,5,0
ATOM_USDT_SWAP,1970-01-01 00:00:00.000021099+00:00,-100.0,False,5,0
LTC_USDT_SWAP,1970-01-01 00:00:00.000021099+00:00,200.0,True,5,0
PEPE_USDT_SWAP,1970-01-01 00:00:00.000021099+00:00,-100.0,False,5,0
LTC_USDT_SWAP,1970-01-01 00:00:00.000021100+00:00,-100.0,False,5,0
ADA_USDT_SWAP,1970-01-01 00:00:00.000021111+00:00,-100.0,False,5,0
ARB_USDT_SWAP,1970-01-01 00:00:00.000021111+00:00,-100.0,False,5,0
DOT_USDT_SWAP,1970-01-01 00:00:00.000021111+00:00,-100.0,False,5,0
XRP_USDT_SWAP,1970-01-01 00:00:00.000021112+00:00,-100.0,False,5,0
ARB_USDT_SWAP,1970-01-01 00:00:00.000021123+00:00,200.0,True,5,0
ARB_USDT_SWAP,1970-01-01 00:00:00.000021144+00:00,200.0,True,5,0
DOT_USDT_SWAP,1970-01-01 00:00:00.000021170+00:00,200.0,True,5,0
ARB_USDT_SWAP,1970-01-01 00:00:00.000021179+00:00,200.0,True,5,0
ADA_USDT_SWAP,1970-01-01 00:00:00.000021180+00:00,-100.0,False,5,0
ETH_USDT_SWAP,1970-01-01 00:00:00.000021180+00:00,200.0,True,5,0
FIL_USDT_SWAP,1970-01-01 00:00:00.000021180+00:00,-100.0,False,5,0
ETH_USDT_SWAP,1970-01-01 00:00:00.000021181+00:00,-100.0,False,5,0
APT_USDT_SWAP,1970-01-01 00:00:00.000021181+00:00,-100.0,False,5,0
BCH_USDT_SWAP,1970-01-01 00:00:00.000021181+00:00,200.0,True,5,0
BTC_USDT_SWAP,1970-01-01 00:00:00.000021183+00:00,200.0,True,5,0
BTC_USDT_SWAP,1970-01-01 00:00:00.000021184+00:00,-100.0,False,5,0
DOGE_USDT_SWAP,1970-01-01 00:00:00.000021186+00:00,200.0,True,5,0
FIL_USDT_SWAP,1970-01-01 00:00:00.000021194+00:00,200.0,True,5,0
APT_USDT_SWAP,1970-01-01 00:00:00.000021195+00:00,200.0,True,5,0
ETH_USDT_SWAP,1970-01-01 00:00:00.000021195+00:00,200.0,True,5,0
BNB_USDT_SWAP,1970-01-01 00:00:00.000021197+00:00,200.0,True,5,0
BNB_USDT_SWAP,1970-01-01 00:00:00.000021217+00:00,-100.0,False,5,0
BNB_USDT_SWAP,1970-01-01 00:00:00.000021239+00:00,-100.0,False,5,0
ATOM_USDT_SWAP,1970-01-01 00:00:00.000021242+00:00,200.0,True,5,0
BNB_USDT_SWAP,1970-01-01 00:00:00.000021242+00:00,200.0,True,5,0
PEPE_USDT_SWAP,1970-01-01 00:00:00.000021242+00:00,200.0,True,5,0
BCH_USDT_SWAP,1970-01-01 00:00:00.000021594+00:00,200.0,True,5,0
BCH_USDT_SWAP,1970-01-01 00:00:00.000021690+00:00,200.0,True,5,0
BCH_USDT_SWAP,1970-01-01 00:00:00.000021775+00:00,-100.0,False,5,0
FIL_USDT_SWAP,1970-01-01 00:00:00.000021794+00:00,200.0,True,5,0
XRP_USDT_SWAP,1970-01-01 00:00:00.000021795+00:00,-100.0,False,5,0
ADA_USDT_SWAP,1970-01-01 00:00:00.000021875+00:00,-100.0,False,5,0
DOT_USDT_SWAP,1970-01-01 00:00:00.000021875+00:00,-100.0,False,5,0
FIL_USDT_SWAP,1970-01-01 00:00:00.000021875+00:00,200.0,True,5,0
OP_USDT_SWAP,1970-01-01 00:00:00.000021875+00:00,200.0,True,5,0
SUI_USDT_SWAP,1970-01-01 00:00:00.000021875+00:00,-100.0,False,5,0
OP_USDT_SWAP,1970-01-01 00:00:00.000021888+00:00,-100.0,False,5,0
BTC_USDT_SWAP,1970-01-01 00:00:00.000021891+00:00,200.0,True,5,0
NEAR_USDT_SWAP,1970-01-01 00:00:00.000021891+00:00,-100.0,False,5,0
SOL_USDT_SWAP,1970-01-01 00:00:00.000021891+00:00,200.0,True,5,0
BTC_USDT_SWAP,1970-01-01 00:00:00.000021892+00:00,200.0,True,5,0
FIL_USDT_SWAP,1970-01-01 00:00:00.000021904+00:00,200.0,True,5,0
NEAR_USDT_SWAP,1970-01-01 00:00:00.000021904+00:00,-100.0,False,5,0
APT_USDT_SWAP,1970-01-01 00:00:00.000021905+00:00,200.0,True,5,0
NEAR_USDT_SWAP,1970-01-01 00:00:00.000021911+00:00,-100.0,False,5,0
APT_USDT_SWAP,1970-01-01 00:00:00.000021916+00:00,-100.0,False,5,0
FIL_USDT_SWAP,1970-01-01 00:00:00.000021917+00:00,200.0,True,5,0
ATOM_USDT_SWAP,1970-01-01 00:00:00.000021918+00:00,-100.0,False,5,0
FIL_USDT_SWAP,1970-01-01 00:00:00.000021918+00:00,-100.0,False,5,0
NEAR_USDT_SWAP,1970-01-01 00:00:00.000021918+00:00,-100.0,False,5,0
