sym,ts,r,win,atr_rank,adx14,rsi14,ema_dist_pct,prev_body_r,prev_range_r,rel_vol,bb_width,real_vol_20,hour,dow,pwin,month,seg
DOT_USDT_SWAP,2025-06-05 14:00:00+00:00,-1.0,0,100.0,33.897978265942626,49.37106918238987,-3.824324269097621,1.500750375187584,2.0510255127563743,2.498032913286404,0.7983364526482623,0.683653026433934,0,0,0.5550999206904981,2025-06,orig52
GRT_USDT_SWAP,2025-06-05 14:00:00+00:00,-1.0,0,99.0,28.36020785969444,43.18869828456105,-5.823765840642834,2.0574367766823887,2.689669952850405,2.397258915495205,1.5438392612312322,0.9717676625479982,0,0,0.5362747392593685,2025-06,orig52
WIF_USDT_SWAP,2025-06-05 14:00:00+00:00,-1.0,0,44.0,38.503765798528455,33.371958285052145,-9.038672098968453,3.06997219647823,4.715013901760885,2.5868428886703745,2.6600080680645526,1.1560684809109973,0,0,0.7314958473948553,2025-06,orig52
SHIB_USDT_SWAP,2025-06-05 14:00:00+00:00,-1.0,0,88.0,33.116390749349215,45.21158129175942,-3.403012337187239,1.4763624941102471,1.869012093607665,6.529125329382764,0.8274917389819949,0.6408162476329301,0,0,0.6561577474792923,2025-06,orig52
BONK_USDT_SWAP,2025-06-05 14:00:00+00:00,-1.0,0,98.0,32.06961471724094,42.58970358814357,-10.80542176538911,2.680826264326878,4.293207278378533,2.722347706561911,1.843985005484237,1.0651619566920032,0,0,0.5073585800534844,2025-06,orig52
GMX_USDT_SWAP,2025-06-14 21:00:00+00:00,1.5,1,16.0,32.71406128866864,58.13953488372097,-5.122306426493113,0.47201618341200463,1.820633850303436,4.963766899092429,1.569132771703587,0.512027599892064,0,0,0.5337926021055859,2025-06,orig52
WIF_USDT_SWAP,2025-06-18 15:00:00+00:00,1.5,1,87.0,30.35475132574388,49.63273871983209,-9.370653757121836,1.5560165975103748,4.019709543568468,1.6839360515339727,2.2255920971447565,1.1018940276866604,0,0,0.4676197848328217,2025-06,orig52
SUSHI_USDT_SWAP,2025-06-21 14:00:00+00:00,-1.0,0,10.0,30.396495969688516,33.06666666666659,-6.898906809569515,1.4948453608247494,1.8900343642611703,4.397408548629217,1.798412924108836,0.6175652069007934,0,0,0.5030821667017562,2025-06,orig52
ARB_USDT_SWAP,2025-06-21 14:00:00+00:00,-1.0,0,23.0,33.33306832744654,43.60189573459722,-9.990886296425645,1.2442232492001433,1.9552079630287968,2.7775963553223337,1.6529236472405915,0.7056156657267395,0,0,0.4885980163060197,2025-06,orig52
BONK_USDT_SWAP,2025-07-28 03:00:00+00:00,1.5,1,43.0,10.662227119955938,55.73926263778034,2.4420463509276327,3.9337775320783357,4.806657161977374,1.6464360706673167,2.548530445439684,1.351449159494115,0,0,0.4782128538406839,2025-07,orig52
PEPE_USDT_SWAP,2025-07-30 12:00:00+00:00,1.5,1,81.0,48.54805541333127,35.091496232508035,-9.550426484966856,1.5951250112017268,2.9303701048481083,2.38800554949448,1.8316618599946217,0.6744606431222515,0,0,0.498719140476127,2025-07,orig52
AXS_USDT_SWAP,2025-07-30 12:00:00+00:00,1.5,1,87.0,42.63010564573742,32.29166666666663,-8.156094558181307,0.9405728943993262,2.265925609234713,1.7559550705265765,1.9146477600435536,0.6667359637340672,0,0,0.47495595302084687,2025-07,orig52
HOME_USDT_SWAP,2025-08-03 11:00:00+00:00,-1.0,0,9.0,24.460555381283132,67.39926739926744,2.030016648227405,0.2139364303178503,4.737163814180938,1.605580557976912,1.788448134498076,0.8200004617256156,0,0,0.5420791304548576,2025-08,new18
APT_USDT_SWAP,2025-08-20 14:00:00+00:00,1.5,1,80.0,36.888484084915106,59.36507936507938,-5.077386212688264,1.417615617011386,1.9056472228677634,2.278370743385191,1.262134752581078,0.6577185270702482,0,0,0.4805758019823699,2025-08,orig52
SNX_USDT_SWAP,2025-08-20 14:00:00+00:00,1.5,1,48.0,29.56970803854152,64.85568760611206,-3.104107162307998,1.487396273680907,1.6752779082511418,1.8977428017868598,2.0049201909809864,0.8180302412765594,0,0,0.5515635221418872,2025-08,orig52
NEAR_USDT_SWAP,2025-08-20 14:00:00+00:00,1.5,1,76.0,45.29903191363979,59.09090909090906,-6.141372132676345,1.480263157894738,2.220394736842098,1.8863342487805421,1.2980679849004761,0.749547442268572,0,0,0.6478949267317756,2025-08,orig52
XLM_USDT_SWAP,2025-08-20 14:00:00+00:00,1.5,1,95.0,43.18934918378438,52.47875354107651,-5.703921992011567,1.6483657119455326,1.919680565153946,1.8566501635488621,1.1914337714019465,0.6864180023473307,0,0,0.5847214883501219,2025-08,orig52
BONK_USDT_SWAP,2025-08-20 14:00:00+00:00,1.5,1,94.0,40.681584169431545,48.16513761467893,-9.444739491981577,2.455590386624879,2.95430796998196,2.5816735907941704,1.476275250721998,0.9089550397453267,0,0,0.6054981977555808,2025-08,orig52
IMX_USDT_SWAP,2025-08-20 14:00:00+00:00,1.5,1,81.0,28.131975313361043,61.92384769539085,-3.753779377853311,1.7705782633264198,2.128461103786019,1.7196335586561884,1.9236194763538235,0.8928532829138353,0,0,0.5516694673808414,2025-08,orig52
INJ_USDT_SWAP,2025-08-20 14:00:00+00:00,1.5,1,56.00000000000001,25.321024743606785,58.34512022630836,-5.710947959657741,1.3062518876472369,2.5898520084566594,1.964207769532955,1.7162968891197437,0.9484000774243594,0,0,0.5081953484968962,2025-08,orig52
BCH_USDT_SWAP,2025-08-20 14:00:00+00:00,1.5,1,99.0,53.81625063411665,47.73519163763072,-4.375200349558699,0.9708737864077795,1.3189228796482748,2.619181496955087,0.877084117391271,0.5141545729138824,0,0,0.7236871543836607,2025-08,orig52
AVAX_USDT_SWAP,2025-08-20 14:00:00+00:00,1.5,1,53.0,34.79166038548241,60.15665796344648,-3.542741858990448,1.5421430470619628,2.1315253035540267,2.839108361619961,1.5861486270445275,0.7086894641010336,0,0,0.6129952174754286,2025-08,orig52
AVAX_USDT_SWAP,2025-08-20 15:00:00+00:00,1.5,1,61.0,33.918023325950436,63.03294573643414,-2.568423189820907,1.3033019899409504,3.0264596544937685,2.097379123533865,1.6567311069341486,0.736304731768007,0,0,0.59397775303641,2025-08,orig52
HBAR_USDT_SWAP,2025-08-20 15:00:00+00:00,1.5,1,91.0,36.03853032583733,55.892070484581495,-4.668952652270477,0.7589725998027502,2.5127567428497937,1.8473925694790907,1.0534047006361893,0.6666431025044558,0,0,0.5315253011170696,2025-08,orig52
NEAR_USDT_SWAP,2025-08-20 15:00:00+00:00,1.5,1,91.0,43.21335942600319,62.49999999999992,-5.181143613393024,1.6579053780832969,3.3158107561665937,1.9642092684162082,1.5101066251814892,0.7766627356195052,0,0,0.7220386940530362,2025-08,orig52
APT_USDT_SWAP,2025-08-22 13:00:00+00:00,1.5,1,40.0,32.79322907792932,35.23131672597873,-4.451579734808305,0.5327773917071967,1.7373175816539304,2.0232191461288287,1.531617210523058,0.5431999413385807,0,0,0.4296258573447175,2025-08,orig52
XLM_USDT_SWAP,2025-08-22 13:00:00+00:00,1.5,1,55.00000000000001,33.87068597870751,45.551601423487575,-5.211096256861344,0.18427677853045457,1.845363232889513,1.5344903148622113,1.3485780336548965,0.560502014580069,0,0,0.5068675693989536,2025-08,orig52
PUMP_USDT_SWAP,2025-08-22 13:00:00+00:00,1.5,1,14.000000000000002,34.186290870777285,43.843843843843885,-11.903884993601192,1.9075568598679367,4.842259721203218,1.7085549622395968,2.8805675881729926,1.0250412787055232,0,0,0.6178985983250059,2025-08,new18
FLOKI_USDT_SWAP,2025-08-22 13:00:00+00:00,1.5,1,49.0,33.414048695290745,34.38228438228437,-6.651088928393715,1.6139108704706484,3.0716368179925073,2.706727335132979,2.1861139917512706,0.7307613947527813,0,0,0.5346755560466399,2025-08,orig52
DYDX_USDT_SWAP,2025-08-22 13:00:00+00:00,1.5,1,59.0,25.086621247152173,38.48797250859107,-4.012442396863407,1.542458191264808,2.743951940250045,2.427986176275376,1.9655148428714346,0.7600417894780448,0,0,0.4479382366458814,2025-08,orig52
INJ_USDT_SWAP,2025-08-22 13:00:00+00:00,1.5,1,43.0,20.529838088380195,48.970901348474094,-5.480379356702255,1.499846954392407,2.640036730945827,2.608806182631686,1.8449169628694373,0.8867808123553342,0,0,0.4715014293100087,2025-08,orig52
SUSHI_USDT_SWAP,2025-08-22 13:00:00+00:00,1.5,1,60.0,19.37314041596457,44.95912806539505,-5.500518840486251,1.3586225450632228,2.7845036319612664,3.2840454790987654,1.8013297293917514,0.8687577033596249,0,0,0.4284799278273829,2025-08,orig52
AVAX_USDT_SWAP,2025-08-22 13:00:00+00:00,1.5,1,49.0,30.763953100599533,46.47887323943663,-3.528116151029809,0.49881975682537694,1.8661203402663362,2.4505945035833316,1.4424803148021945,0.640145937484188,0,0,0.5782411796238701,2025-08,orig52
SHIB_USDT_SWAP,2025-09-16 14:00:00+00:00,1.5,1,19.0,36.37776210722582,45.289855072463745,-1.956742957282889,0.3080477474008442,1.732768579129768,2.261185808078154,0.5710002537335546,0.3241283894938709,0,0,0.4558125127094773,2025-09,orig52
CRV_USDT_SWAP,2025-09-17 18:00:00+00:00,1.5,1,91.0,29.449700663541854,59.72762645914396,-5.3136207372510595,0.8521165475535987,2.322704782847722,3.8791987460543806,1.0827349349439357,0.6213600392556909,0,0,0.5211406984831305,2025-09,orig52
ARB_USDT_SWAP,2025-09-17 18:00:00+00:00,1.5,1,56.00000000000001,15.850768000329134,50.169491525423716,-3.656652377298845,0.5736529399713224,2.1307109198934575,7.48103316780115,1.302629138444723,0.5321698415959305,0,0,0.5348921124452307,2025-09,orig52
ETC_USDT_SWAP,2025-09-17 18:00:00+00:00,1.5,1,35.0,19.94286791638777,45.368421052631504,-3.1538861253552266,0.7084819659135982,1.486325802615937,7.023693888118284,1.117608621412899,0.39103897943450805,0,0,0.5550746547828863,2025-09,orig52
SNX_USDT_SWAP,2025-09-17 18:00:00+00:00,1.5,1,57.99999999999999,16.046431986376625,47.19387755102043,-2.7752289122839517,0.3447758956678112,1.6789087093389277,9.824927004319477,1.4150753772135398,0.5569282378389129,0,0,0.7963726561649032,2025-09,orig52
HYPE_USDT_SWAP,2025-09-20 15:00:00+00:00,-1.0,0,8.0,29.772062732823382,45.529122231337226,0.83900040430938,0.27012425715829025,1.5235008103727652,1.8946967078178485,1.3561128697680154,0.3837896781735899,0,0,0.4793012193832572,2025-09,new18
ATOM_USDT_SWAP,2025-09-20 15:00:00+00:00,-1.0,0,4.0,42.647733152205916,51.23456790123443,-2.0404251234467843,0.6268188941123704,1.2312513991493108,10.464915402483491,0.7662665679278238,0.3382311067250251,0,0,0.938752826436349,2025-09,orig52
NEAR_USDT_SWAP,2025-10-16 10:00:00+00:00,-1.0,0,10.0,38.58283806206566,59.8901098901099,-7.9507582053678165,1.0282776349614406,5.269922879177387,1.747320443548042,1.3451483494467529,0.6850514287558037,0,0,0.4282616643379018,2025-10,orig52
ADA_USDT_SWAP,2025-10-19 09:00:00+00:00,1.5,1,15.0,10.916399884473153,48.47645429362883,-6.057375072805699,0.5909599105574248,2.092317521162754,5.013657939647072,0.8533430400136454,0.5427885309325737,0,0,0.40382660391682446,2025-10,orig52
NEAR_USDT_SWAP,2025-10-19 09:00:00+00:00,1.5,1,16.0,10.898830116616237,59.999999999999936,-7.584125165713454,0.46490004649001543,2.6034402603440285,4.160710259101178,1.3450754535170522,0.5715464078652323,0,0,0.4537705317657808,2025-10,orig52
BNB_USDT_SWAP,2025-10-19 09:00:00+00:00,1.5,1,10.0,15.591708445461638,41.119999999999926,-5.262753656923682,0.7527181488709355,1.8678561471982076,4.162447622523455,1.1478298003894674,0.5519370455102223,0,0,0.49956873844482985,2025-10,orig52
AXS_USDT_SWAP,2025-10-19 09:00:00+00:00,1.5,1,13.0,10.523684822748244,54.34782608695648,-6.928377579960958,0.45161290322579967,1.9999999999999944,3.4090856111568466,0.8845799540794372,0.5340685892242603,0,0,0.4846450151496191,2025-10,orig52
LDO_USDT_SWAP,2025-10-19 09:00:00+00:00,1.5,1,14.000000000000002,14.156382541804252,53.16091954022987,-5.718127373168363,0.8933751015199026,2.772943496925401,4.885437979491855,1.0424657435778717,0.7371582290570421,0,0,0.6309316384398448,2025-10,orig52
OP_USDT_SWAP,2025-10-19 09:00:00+00:00,1.5,1,15.0,11.05752917545584,57.094594594594625,-10.468825861497098,0.8022652194431369,2.5011798017932985,4.314275473102494,1.0804392197330257,0.6383092749327195,0,0,0.6015213660238533,2025-10,orig52
ATOM_USDT_SWAP,2025-10-19 09:00:00+00:00,1.5,1,15.0,9.342460246404828,45.6521739130435,-6.264688850464675,0.7022023619533928,1.8193424832428962,4.6057933467464105,0.9967650721135266,0.50449012210249,0,0,0.5280656228853032,2025-10,orig52
PEPE_USDT_SWAP,2025-10-19 09:00:00+00:00,1.5,1,16.0,8.987102051007449,52.316602316602314,-6.999991965980218,0.9684147794993948,2.5923718712753208,4.6154309553453565,0.8161002622611914,0.6255125805987966,0,0,0.5761894583944083,2025-10,orig52
LINK_USDT_SWAP,2025-10-19 09:00:00+00:00,1.5,1,16.0,11.023440507220348,51.301115241635806,-7.101239617591477,0.9258145966093537,2.609113863171823,3.9324471916329458,0.8321475005523722,0.5803948702343888,0,0,0.5348907279679946,2025-10,orig52
GMX_USDT_SWAP,2025-10-19 09:00:00+00:00,1.5,1,13.0,11.872292857540032,43.66197183098587,-7.125595576620059,0.5917159763313483,2.3668639053254457,2.2105924816635714,1.8066635923540095,0.7357794271113485,0,0,0.5443652833389828,2025-10,orig52
INJ_USDT_SWAP,2025-10-19 09:00:00+00:00,1.5,1,13.0,8.812019060176041,48.289738430583554,-8.790398290926435,0.6359491240700843,2.015838732901359,3.1312123268532193,0.916668075166884,0.5645211529661457,0,0,0.5563403843544018,2025-10,orig52
ICP_USDT_SWAP,2025-10-19 09:00:00+00:00,1.5,1,14.000000000000002,10.127415680740391,49.04761904761905,-9.30078491983282,0.5642217059409195,2.090939263192822,1.9777347460555204,0.9721370750547026,0.5788693817140581,0,0,0.5232006373038095,2025-10,orig52
BTC_USDT_SWAP,2025-10-19 09:00:00+00:00,1.5,1,16.0,10.52864911867427,55.677204658901964,-3.1160007623647252,0.31437319905039557,0.9540216273723718,6.141422142038039,0.39065585574069905,0.2714744642121214,0,0,0.6399812816845083,2025-10,orig52
SUSHI_USDT_SWAP,2025-10-19 09:00:00+00:00,1.5,1,14.000000000000002,8.544887682045738,55.585831062670295,-6.246672320328934,0.4484304932735365,2.2811464223045292,7.615812167436602,0.9814523571865497,0.683576464031745,0,0,0.8616588735420698,2025-10,orig52
CHZ_USDT_SWAP,2025-10-19 09:00:00+00:00,1.5,1,13.0,20.853998992254976,55.35714285714285,-5.436249828905826,0.24653312788907142,1.7565485362095563,4.1222728691604145,0.852201781948851,0.5279874978913667,0,0,0.7153849238296542,2025-10,orig52
FLOKI_USDT_SWAP,2025-10-19 10:00:00+00:00,1.5,1,16.0,10.134160740280048,61.13138686131383,-7.6916448418826056,1.4408338442673223,3.1269160024524836,2.800223906742059,1.3633863032198115,0.7580785834117295,0,0,0.5819749795830711,2025-10,orig52
AVAX_USDT_SWAP,2025-10-19 10:00:00+00:00,1.5,1,17.0,11.349603337721167,59.344490934449134,-7.688892847240517,1.3600714782090784,2.6705053112280366,2.2898215411541187,1.2546787077797639,0.6279989860978744,0,0,0.5068101833037368,2025-10,orig52
AXS_USDT_SWAP,2025-10-19 10:00:00+00:00,-1.0,0,16.0,10.536433754861331,63.79310344827576,-5.396945411834405,1.9083969465648873,2.926208651399494,2.249785030216483,1.3002445349526766,0.6206577092662355,0,0,0.42477586629412667,2025-10,orig52
NEAR_USDT_SWAP,2025-10-19 11:00:00+00:00,1.5,1,23.0,13.296807429450764,65.64417177914095,-5.861800032342391,1.578709968425807,2.345511953089763,2.355418647647869,1.956753429301239,0.653741060239373,0,0,0.49188530481019244,2025-10,orig52
INJ_USDT_SWAP,2025-10-19 11:00:00+00:00,1.5,1,16.0,9.943813865045405,58.27702702702695,-7.376619176320006,1.2280701754386014,1.9532163742690036,2.1638796552872326,1.3438019749878996,0.6095371562687315,0,0,0.5412361103435462,2025-10,orig52
APT_USDT_SWAP,2025-10-19 14:00:00+00:00,-1.0,0,19.0,12.00389785634166,65.20146520146525,-9.405900542984549,1.6754576481538885,2.51318647223084,2.352485607504934,1.5438109627216,0.729807187456495,0,0,0.6231178277398357,2025-10,orig52
CRV_USDT_SWAP,2025-11-01 22:00:00+00:00,-1.0,0,16.0,18.408995477305258,44.19087136929461,-7.856770218826846,2.417490014715159,2.7117931469413428,1.7145228576061986,1.3973880473518596,0.8860739245584062,0,0,0.5300361872293827,2025-11,orig52
HBAR_USDT_SWAP,2025-11-16 12:00:00+00:00,-1.0,0,9.0,31.89718552218592,37.1037463976946,-9.99836435960249,1.9313446656524944,2.1165420993452004,1.931264165105924,1.7030953478546174,0.7178000517581667,0,0,0.5493294804024341,2025-11,orig52
GRT_USDT_SWAP,2025-11-16 12:00:00+00:00,-1.0,0,7.000000000000001,23.00014009912274,43.902439024390254,-7.418144595233998,1.8590651558073574,2.283994334277619,3.4191559672092335,1.4866761121126257,0.6952055433847584,0,0,0.5860998889202917,2025-11,orig52
LTC_USDT_SWAP,2025-11-17 14:00:00+00:00,-1.0,0,21.0,32.14135061335418,39.49468085106383,-3.4980445840942065,1.847526014015709,2.4846039498831907,3.3006987669851275,1.4735789104123442,0.7825562559392963,0,0,0.5774127669646549,2025-11,orig52
GMX_USDT_SWAP,2025-11-17 14:00:00+00:00,-1.0,0,41.0,18.13929804943214,52.302025782688794,-6.2280502109240246,1.3384321223709381,2.545411089866147,2.2535286848868443,1.6766045340105502,0.6539364190024375,0,0,0.48071948021794914,2025-11,orig52
EGLD_USDT_SWAP,2025-11-18 16:00:00+00:00,-1.0,0,71.0,26.87402970601747,66.66666666666676,-4.564659688048406,2.048192771084336,2.650602409638562,2.278756436688077,1.755783959320292,0.715329396705164,0,0,0.4810835828716688,2025-11,orig52
SUI_USDT_SWAP,2025-11-24 03:00:00+00:00,-1.0,0,28.000000000000004,12.998537751583502,53.79131561892418,-9.84607585980321,1.4897309806190302,2.5310963262944695,2.0478416501008208,1.5093423324277961,0.8140702944413901,0,0,0.5925632075707215,2025-11,orig52
IMX_USDT_SWAP,2025-11-24 15:00:00+00:00,1.5,1,31.0,12.237039699167605,50.49504950495053,-8.624259823413734,1.057353412367821,2.8196090996475407,1.8291126021880892,2.3429680623113245,0.9342816317543501,0,0,0.6132689896676965,2025-11,orig52
OP_USDT_SWAP,2025-11-24 15:00:00+00:00,1.5,1,32.0,12.49918859388443,60.49382716049386,-8.560555690851526,0.9406422315926091,2.789490755757378,1.6146847066066494,1.8720740937029703,0.9966948047253155,0,0,0.7029359283349503,2025-11,orig52
GMX_USDT_SWAP,2025-12-15 00:00:00+00:00,1.5,1,51.0,20.995419912488288,39.71119133574024,-3.2327572914225535,0.4329524954900946,1.707757065544212,4.234097761445654,1.525877550531505,0.48572973601875813,0,0,0.5715510576268734,2025-12,orig52
FLOKI_USDT_SWAP,2025-12-16 14:00:00+00:00,-1.0,0,87.0,29.92838045543185,56.18279569892471,-6.597836569242031,0.5661712668082041,2.217504128332157,3.2156955442619077,1.374811842466631,0.7086170363154745,0,0,0.7096513864114387,2025-12,orig52
ENA_USDT_SWAP,2025-12-16 14:00:00+00:00,-1.0,0,95.0,34.19650774099184,62.44897959183677,-9.556235412437502,1.0478359908883812,3.234624145785875,2.120110429308302,2.342795222511509,0.8969745284699111,0,0,0.6627660525217031,2025-12,orig52
PEPE_USDT_SWAP,2025-12-17 14:00:00+00:00,-1.0,0,66.0,27.631142301599382,67.741935483871,-2.996310598893453,1.2012748222603546,1.8141701397401442,5.024302569557872,1.6567483584146374,0.6688154518191441,0,0,0.7193968744996846,2025-12,orig52
BCH_USDT_SWAP,2025-12-17 16:00:00+00:00,-1.0,0,82.0,29.358671771667378,66.53846153846152,-0.5525731649863668,0.5233712326294852,2.761234434217642,4.594257723651462,1.4024472256647922,0.37953005839738535,0,0,0.4639482254701613,2025-12,orig52
FLOKI_USDT_SWAP,2025-12-21 14:00:00+00:00,1.5,1,21.0,19.042234773459008,28.467153284671582,-5.766882686119136,2.206066683379289,2.406618200050132,4.140053009641608,1.7847419891628948,0.5832767160318968,0,0,0.41758856668199174,2025-12,orig52
HOME_USDT_SWAP,2025-12-23 04:00:00+00:00,1.5,1,10.0,18.79426273385515,52.29357798165129,-5.436651644920698,0.4761904761904751,1.5343915343915453,2.2369915293679608,1.4355040976244877,0.492832007636134,0,0,0.5265794111662156,2025-12,new18
1INCH_USDT_SWAP,2025-12-23 15:00:00+00:00,1.5,1,57.99999999999999,23.256078025589666,23.80952380952384,-4.7198422118668955,1.004016064257029,1.9410977242302636,3.3850984132661677,1.4284439704674838,0.46429189332741727,0,0,0.44788841258660755,2025-12,orig52
ARB_USDT_SWAP,2025-12-23 15:00:00+00:00,1.5,1,50.0,20.330195596223334,30.275229357798167,-4.31968525286551,0.7696536558548568,2.199010445299617,1.5560874738879926,1.7585822671312332,0.5630871013448183,0,0,0.4042185356771445,2025-12,orig52
FLOKI_USDT_SWAP,2025-12-23 15:00:00+00:00,1.5,1,48.0,15.383671622298248,33.17972350230423,-4.4949933091810195,0.6322711178553346,1.896813353566004,1.5864330950257703,1.420549178650923,0.516386082201999,0,0,0.43191688144912976,2025-12,orig52
LINK_USDT_SWAP,2025-12-26 00:00:00+00:00,1.5,1,28.000000000000004,19.42135485277675,47.680412371134054,-3.093378212000219,0.5973120955699285,1.6923842707814885,1.8193681929417098,1.468396895044543,0.5354769321487992,0,0,0.49311340605007326,2025-12,orig52
BEAT_USDT_SWAP,2025-12-27 09:00:00+00:00,1.5,1,2.0,12.9863987908953,67.60903363063579,-10.059042120377763,5.151184693169416,11.704173688906508,1.710639832978262,8.073616667224714,3.491312793686446,0,0,0.8900077985677547,2025-12,new18
UNI_USDT_SWAP,2026-01-09 16:00:00+00:00,-1.0,0,16.0,39.28109531389078,56.65024630541875,-4.5734898377534865,1.1469142545057456,2.931003094847997,1.9504141680064013,1.0125027080543343,0.590509702626767,0,0,0.49124051730161006,2026-01,orig52
APT_USDT_SWAP,2026-01-11 16:00:00+00:00,-1.0,0,28.000000000000004,12.84114090575605,43.20000000000004,-2.0047947088162354,1.453325880380102,1.9564002235885927,2.1425801659222423,0.9297250295880582,0.5853689649634015,0,0,0.44927856956153217,2026-01,orig52
GMX_USDT_SWAP,2026-01-11 23:00:00+00:00,-1.0,0,32.0,30.373240605298456,45.816733067729075,-3.267886159643944,0.4291303799065986,1.5524422567209417,1.5361336438840254,0.9442854584373847,0.47683616795310674,0,0,0.49974670952423494,2026-01,orig52
GMX_USDT_SWAP,2026-01-12 00:00:00+00:00,1.5,1,35.0,29.95374411683616,45.924453280318126,-3.1276745660875767,0.11347875425545759,1.3743538015382675,2.5542681882941465,0.9568256197879041,0.4733758102709448,0,0,0.580490270575928,2026-01,orig52
APT_USDT_SWAP,2026-01-16 16:00:00+00:00,1.5,1,11.0,36.71576351700057,26.21359223300969,-4.684582275539398,1.3667425968109352,2.3917995444191367,2.696278735793142,1.539801642632413,0.5334704734434619,0,0,0.4919573135353351,2026-01,orig52
ALGO_USDT_SWAP,2026-01-16 16:00:00+00:00,1.5,1,8.0,53.0909669578687,24.734446130500714,-5.268125489874239,1.1978917105893638,2.3718255869669385,1.8630131069763818,1.506430339846138,0.47317870268364015,0,0,0.4840717729218502,2026-01,orig52
HBAR_USDT_SWAP,2026-01-16 16:00:00+00:00,1.5,1,10.0,27.738325105851906,30.79416531604538,-3.223526292440431,1.0440229685053009,2.1663476596485176,2.6744658164252675,1.4576126633880127,0.46849805057531796,0,0,0.496353252055944,2026-01,orig52
BICO_USDT_SWAP,2026-01-17 13:00:00+00:00,1.5,1,10.0,16.621745457573013,48.90829694323141,-0.819442334763428,1.2097694590276253,1.7119379137183306,2.674813268546852,1.1347072306909145,0.49534663681835994,0,0,0.46054583593780324,2026-01,new18
LTC_USDT_SWAP,2026-01-18 09:00:00+00:00,-1.0,0,4.0,9.186847887473148,58.550724637681164,-0.9643029766935075,0.597213005972115,1.1678832116788262,1.5860875717776897,0.73977512585811,0.3830854140656825,0,0,0.4207834368562953,2026-01,orig52
ZEC_USDT_SWAP,2026-01-18 13:00:00+00:00,-1.0,0,15.0,32.641527180301054,38.8205613371177,-5.280437858693198,1.9574096431965897,3.0131778365742807,1.7708411104816195,1.9274203137682973,0.709013317295964,0,0,0.46430455719809854,2026-01,new18
PUMP_USDT_SWAP,2026-01-20 15:00:00+00:00,-1.0,0,59.0,16.388968174274755,50.97402597402597,-1.8455300756262154,2.0686963309914166,3.2006245120999233,2.8444497488231195,2.1145656209372277,1.1497458155398887,0,0,0.6039870841695717,2026-01,new18
PUMP_USDT_SWAP,2026-01-23 15:00:00+00:00,1.5,1,9.0,28.373393044495824,37.74319066147857,-5.8882598244049875,2.9288702928870185,4.016736401673647,2.462302084213058,2.3558013255605945,0.9426948889295955,0,0,0.4721169756370756,2026-01,new18
BNB_USDT_SWAP,2026-01-23 15:00:00+00:00,1.5,1,21.0,15.170858226466606,50.0,-1.5875647931621784,0.07895330475974867,0.9136025265057548,2.750848033709762,0.41229279979635175,0.21366186834666573,0,0,0.4609936229028777,2026-01,orig52
FET_USDT_SWAP,2026-01-23 15:00:00+00:00,-1.0,0,14.000000000000002,21.78935866670606,49.26108374384238,-5.566103706439755,1.0287183883411855,2.7432490355765182,1.8173210481418127,1.3665583050198544,0.7225381503318767,0,0,0.5512373464410752,2026-01,orig52
INJ_USDT_SWAP,2026-01-23 16:00:00+00:00,1.5,1,30.0,17.742881277732685,50.76923076923079,-4.790372261943383,1.5220700152207063,2.761469884757551,2.1877248697554377,1.3965205263381129,0.6991084917472373,0,0,0.4694841264140035,2026-01,orig52
BNB_USDT_SWAP,2026-01-23 16:00:00+00:00,1.5,1,28.000000000000004,14.79435356296737,66.37168141592913,-1.112920557918345,0.5607895917451772,0.9982054733064256,3.340119711535715,0.5251011016497393,0.2337245428470439,0,0,0.4314450785691749,2026-01,orig52
FET_USDT_SWAP,2026-01-23 16:00:00+00:00,1.5,1,19.0,21.250821165271912,55.44041450777206,-5.238954871952221,2.0134228187919456,2.8523489932885906,2.109009843170953,1.4028929163672215,0.7202143597842543,0,0,0.454393892530526,2026-01,orig52
INJ_USDT_SWAP,2026-01-23 17:00:00+00:00,-1.0,0,49.0,16.667669158286216,49.47368421052626,-4.151979710049368,0.2384048547897729,2.0589510186389197,2.5044844815064358,1.3996784560379756,0.7109988795309982,0,0,0.6174497546450963,2026-01,orig52
PUMP_USDT_SWAP,2026-01-23 17:00:00+00:00,-1.0,0,43.0,26.098431450707572,46.69117647058818,-3.4475452315204853,1.1382113821138136,3.658536585365846,2.653749550233136,2.3103713404001693,1.033101762015766,0,0,0.6223575011536455,2026-01,new18
FET_USDT_SWAP,2026-01-23 17:00:00+00:00,-1.0,0,30.0,19.851730191127086,52.22222222222221,-4.796756922188665,0.2509410288582255,2.4257632789627768,2.351989297487393,1.4740690071519065,0.7233849319111388,0,0,0.610277099638518,2026-01,orig52
CHZ_USDT_SWAP,2026-01-25 09:00:00+00:00,-1.0,0,21.0,22.75431020321937,55.76131687242802,-0.5975987489643535,1.7778627413496468,2.695469317530112,5.968731861500613,1.3517353417319131,0.7677974395736265,0,0,0.6737613181293847,2026-01,orig52
CHZ_USDT_SWAP,2026-02-02 00:00:00+00:00,-1.0,0,67.0,13.390972515217893,58.250497017892634,-5.615794199442427,0.19582245430809353,3.481288076588332,1.6087182969644305,2.155174030957787,0.9477621163119936,0,0,0.5478047413838375,2026-02,orig52
PUMP_USDT_SWAP,2026-02-11 15:00:00+00:00,1.5,1,18.0,42.97034937524405,27.631578947368382,-12.938207367771756,1.8970189701896951,4.281842818428188,2.7624431976138166,3.0091418549142013,0.6441269788986652,0,0,0.5638919862624079,2026-02,new18
LINK_USDT_SWAP,2026-03-09 03:00:00+00:00,1.5,1,63.0,25.915087024574817,57.47508305647839,-1.8015883204076655,0.9296920395119125,1.5456130156885428,1.8908189545462801,1.3675164075047206,0.5950013682167637,0,0,0.442298947587891,2026-03,orig52
SAND_USDT_SWAP,2026-03-09 03:00:00+00:00,1.5,1,69.0,20.268650674571255,51.242236024844786,-3.6897228543078473,0.6751592356687932,1.6433121019108272,1.504345587896836,1.5937044079881322,0.6640420519380879,0,0,0.47541453717427534,2026-03,orig52
CRV_USDT_SWAP,2026-03-12 15:00:00+00:00,1.5,1,35.0,28.22383115683677,51.06382978723403,-2.935390104632572,0.5203816131830037,1.951431049436255,2.027308332707387,1.196513847088087,0.6363490838188146,0,0,0.532549125458335,2026-03,orig52
HBAR_USDT_SWAP,2026-03-12 15:00:00+00:00,1.5,1,32.0,13.334088480932072,48.1404958677686,-1.950018861992707,0.7583039624051996,1.7515753497810558,1.7343894022557262,1.1911343149192144,0.49559333702940134,0,0,0.4191003580936924,2026-03,orig52
XAG_USDT_SWAP,2026-03-16 00:00:00+00:00,-1.0,0,37.0,48.55416671143368,67.2597864768683,-2.226586247153846,0.5119240854039163,1.6856036958421705,5.104502478801506,0.7728587714766714,0.43816789325254596,0,0,0.6671620823962667,2026-03,new3
CRV_USDT_SWAP,2026-03-19 13:00:00+00:00,-1.0,0,27.0,21.717759554902816,31.41025641025645,-3.766275011789181,2.1935483870967714,2.322580645161297,1.7761944801369012,1.7706626838056492,0.5926117437074541,0,0,0.41317721167976207,2026-03,orig52
SOL_USDT_SWAP,2026-03-19 13:00:00+00:00,-1.0,0,49.0,21.275072386514147,36.80672268907567,-1.8408129629592411,1.726291879613851,1.839863713798967,2.454210535725339,1.304326280990847,0.5958631456999285,0,0,0.43947333576190517,2026-03,orig52
ALLO_USDT_SWAP,2026-03-20 08:00:00+00:00,-1.0,0,13.0,37.412761868925614,48.305084745762684,-5.0096068321675755,2.2715404699738913,3.0635335073977332,1.9131645254611627,2.200123922864797,0.6383878400135112,0,0,0.43240740327484095,2026-03,new3
AAVE_USDT_SWAP,2026-03-20 15:00:00+00:00,1.5,1,26.0,20.89075084015737,33.05227655986526,-3.9757008976433728,1.390667886550774,1.8938700823421712,1.5553385671096436,1.4343878191382937,0.46613505633149127,0,0,0.4151283283147548,2026-03,orig52
HYPE_USDT_SWAP,2026-03-22 00:00:00+00:00,-1.0,0,13.0,19.39792641473701,42.71534916696218,0.8012164503834087,1.8166023659265655,2.409361506425828,2.7948450773234943,1.621589762950466,0.603096709180806,0,0,0.40532528296876774,2026-03,new18
GMX_USDT_SWAP,2026-03-22 00:00:00+00:00,1.5,1,25.0,17.78059157908524,26.592797783933563,-3.908285315351265,2.2412970910824987,3.004291845493563,3.853487806956363,1.9072624123635034,0.6068220551712251,0,0,0.4711287351028556,2026-03,orig52
PUMP_USDT_SWAP,2026-03-22 00:00:00+00:00,-1.0,0,20.0,15.864375219863835,31.355932203389813,-6.30923050440517,3.0186608122941783,4.061470911086709,3.9663616263261545,1.6545673166932178,0.7582789416895975,0,0,0.4755643441880862,2026-03,new18
NEAR_USDT_SWAP,2026-03-22 00:00:00+00:00,-1.0,0,46.0,22.290657997392998,39.056224899598305,-4.257517450298722,2.654798157257752,3.466854064183649,4.029986216906819,1.6498627668082682,0.7339021510216653,0,0,0.46636091837478305,2026-03,orig52
XAU_USDT_SWAP,2026-03-22 12:00:00+00:00,-1.0,0,15.0,37.42180450835708,31.48788927335707,-5.758939716921922,0.16280470126452826,0.7181248466736506,2.4917524575528076,0.31258931546709917,0.10514148681211195,0,0,0.5415573657749099,2026-03,new18
CHZ_USDT_SWAP,2026-03-22 22:00:00+00:00,1.5,1,49.0,33.342853352284116,41.91919191919193,-5.348651343716653,0.08663008951776566,1.6748483973433357,2.8863106467868493,1.4532920393819175,0.4873255130085611,0,0,0.6049759142780249,2026-03,orig52
SOL_USDT_SWAP,2026-03-22 22:00:00+00:00,-1.0,0,41.0,36.88813780239092,42.23918575063613,-2.910088181506267,0.7099627560521409,1.8272811918063236,1.5070751925316115,1.6290267465090187,0.44213726843118006,0,0,0.4507289165692329,2026-03,orig52
ETC_USDT_SWAP,2026-03-22 22:00:00+00:00,1.5,1,27.0,38.504378648387686,35.31468531468505,-4.125501663166804,0.5866200698951425,1.3854218671991871,2.4239665842038423,1.423222559229147,0.3047675742059378,0,0,0.50388688310935,2026-03,orig52
ALLO_USDT_SWAP,2026-03-24 17:00:00+00:00,-1.0,0,100.0,22.07834467593476,67.14046822742469,0.7242661495001984,2.0365168539325746,3.388342696629216,4.947513644609832,2.628569579524673,0.8921464836311988,0,0,0.47182603322248995,2026-03,new3
DOT_USDT_SWAP,2026-03-25 14:00:00+00:00,-1.0,0,56.99999999999999,18.18754835850574,28.985507246376855,-5.736084128910943,1.3157894736841953,1.6812865497075957,1.8373404208352917,1.4016102457790023,0.5386784594445373,0,0,0.505522574294483,2026-03,orig52
ZEC_USDT_SWAP,2026-03-28 07:00:00+00:00,-1.0,0,32.0,27.56687963872707,64.89303346132749,-2.6464419545267783,1.5744759442238547,2.7657216732846894,2.462210828467432,1.9180235850640024,0.7494556760449281,0,0,0.4582798827499082,2026-03,new18
GALA_USDT_SWAP,2026-03-28 22:00:00+00:00,-1.0,0,66.0,22.452766534043363,41.975308641975246,-7.841624013988911,1.3584117032392884,2.0898641588296663,2.140701078030151,1.3495911252442343,0.6413941462126418,0,0,0.5373461994888672,2026-03,orig52
SNX_USDT_SWAP,2026-03-29 23:00:00+00:00,1.5,1,78.0,18.431948364296645,41.711229946523936,-5.621246407311813,1.166605905942412,3.2810791104629997,3.2033962813205736,0.8878714581498508,0.5465425232099654,0,0,0.45202476193868696,2026-03,orig52
ATOM_USDT_SWAP,2026-03-29 23:00:00+00:00,1.5,1,61.0,37.10897784324071,39.39393939393947,-4.886372735990868,0.980392156862746,2.8186274509803813,3.579873978802695,1.004167901570249,0.3407925403957486,0,0,0.5138416677544388,2026-03,orig52
LINK_USDT_SWAP,2026-03-29 23:00:00+00:00,1.5,1,66.0,22.206244713047226,38.59649122807004,-4.745802296736111,1.2423844224106941,3.4285031656910645,1.7680827612686152,1.0446106681647311,0.3970183045904873,0,0,0.41418426154342075,2026-03,orig52
AAVE_USDT_SWAP,2026-03-29 23:00:00+00:00,1.5,1,38.0,29.290975578529434,41.239316239316324,-8.460831147485353,1.2767753508494333,3.4082515563997084,2.364354863136617,1.4591843924999819,0.4366734021575551,0,0,0.5391296955790984,2026-03,orig52
IMX_USDT_SWAP,2026-03-29 23:00:00+00:00,1.5,1,72.0,25.047257879081734,46.60194174757282,-5.538441280207733,1.192982456140356,4.912280701754391,3.3853002005186186,1.3502372675028995,0.5762154981068437,0,0,0.523986293311869,2026-03,orig52
FLOKI_USDT_SWAP,2026-03-29 23:00:00+00:00,1.5,1,76.0,26.143697073598904,39.62264150943395,-5.336621412622566,1.8491124260355103,3.846153846153847,1.7238940834446452,1.1553173592490928,0.5205752665000175,0,0,0.4320592526414992,2026-03,orig52
FIL_USDT_SWAP,2026-03-29 23:00:00+00:00,1.5,1,79.0,38.16251331280087,39.14807302231228,-7.275175773416214,1.8801704687891723,5.164201554274257,2.0651899711823094,1.116996620457188,0.5484050205130223,0,0,0.5095456294281915,2026-03,orig52
ETH_USDT_SWAP,2026-03-29 23:00:00+00:00,1.5,1,55.00000000000001,17.113850736379433,42.529770839587684,-4.065218147985767,1.6638614564110852,3.52138381359885,2.9804612810509363,0.8277821902283699,0.4643378497483993,0,0,0.507961619690189,2026-03,orig52
INJ_USDT_SWAP,2026-03-29 23:00:00+00:00,1.5,1,87.0,34.62375086721083,43.53741496598636,-5.007513048490325,1.4727011494253006,3.8074712643678272,4.431333770545559,1.0508570577777063,0.45993615169988444,0,0,0.5995880634918882,2026-03,orig52
ICP_USDT_SWAP,2026-03-29 23:00:00+00:00,1.5,1,43.0,22.899982079314082,36.53846153846172,-5.723805418688187,1.5496809480401208,3.6463081130355546,4.003871388358191,0.9569956708435516,0.43760923793682605,0,0,0.6235353556139183,2026-03,orig52
BTC_USDT_SWAP,2026-03-29 23:00:00+00:00,1.5,1,43.0,17.551281449305314,37.39180374943562,-3.5968101579914222,1.2920497311521772,2.6561163452495404,1.8883352562496618,0.7367978417340639,0.35079757177775933,0,0,0.4866751325587126,2026-03,orig52
ATOM_USDT_SWAP,2026-03-30 00:00:00+00:00,1.5,1,89.0,35.851979904221096,50.76923076923086,-4.438287263675418,0.6090133982947631,1.2789281364189957,2.93025637401791,0.9044951755448769,0.3557097487158896,0,0,0.5235280275693209,2026-03,orig52
SNDK_USDT_SWAP,2026-03-30 01:00:00+00:00,1.5,1,26.0,12.010842442333148,47.78121775025789,-5.699840630795833,0.5840640989783104,2.8709629654003797,4.137404580152672,1.0504127526286684,0.3414419264500423,0,0,0.6426539044936775,2026-03,new18
AAVE_USDT_SWAP,2026-03-30 01:00:00+00:00,1.5,1,81.0,27.821406338271554,61.10183639398997,-6.6678194551869945,0.8933208683909831,2.2229147190194256,1.9825109097660507,1.287190341896685,0.5294714027432663,0,0,0.5185356915390024,2026-03,orig52
ENA_USDT_SWAP,2026-04-03 16:00:00+00:00,-1.0,0,8.0,18.134758829328565,47.307692307692264,-9.412369235289624,1.4901279026449679,1.7509002856078586,2.0088846894249226,1.08193457292284,0.5156397075685866,0,0,0.5913157315038285,2026-04,orig52
BCH_USDT_SWAP,2026-04-05 05:00:00+00:00,-1.0,0,28.999999999999996,17.90625587796331,22.321428571428598,-3.7449763768151754,1.056499770326142,1.5388148828663273,5.109074660624537,0.8622001628067175,0.26074501918456,0,0,0.6506912423157823,2026-04,orig52
IMX_USDT_SWAP,2026-04-05 13:00:00+00:00,-1.0,0,38.0,31.026696151438788,36.76470588235286,-4.797862373778006,0.6844106463878206,1.6730038022813742,3.8763860416123954,1.6647964669727895,0.4576755907698639,0,0,0.6008786382887767,2026-04,orig52
UNI_USDT_SWAP,2026-04-05 23:00:00+00:00,1.5,1,45.0,27.791231527365543,71.25000000000006,-4.625327172504966,1.0256410256410264,1.5705128205128185,2.7686890602581244,1.1376444376685173,0.42094442797186205,0,0,0.48163552910960805,2026-04,orig52
BCH_USDT_SWAP,2026-04-06 23:00:00+00:00,-1.0,0,71.0,23.750152015631194,40.44117647058817,-2.595446834626462,0.8062658373646624,1.0596636719649772,1.6346774066996026,0.7048174672295561,0.31665072933056215,0,0,0.4446982954931334,2026-04,orig52
ETH_USDT_SWAP,2026-04-21 15:00:00+00:00,-1.0,0,66.0,14.722012500525018,47.13399050748446,-0.045620745096734534,0.5939921932454444,1.4234054682094524,2.1897242633975256,0.7116129789494605,0.3342690234635891,0,0,0.4153395088709275,2026-04,orig52
AXS_USDT_SWAP,2026-04-21 20:00:00+00:00,-1.0,0,24.0,8.281260258127714,50.909090909091006,-1.7722521089260312,0.8256880733944859,1.5596330275229269,2.2940097655527025,0.7203568566897522,0.4013769503909714,0,0,0.45120493506594533,2026-04,orig52
PUMP_USDT_SWAP,2026-04-21 20:00:00+00:00,1.5,1,65.0,18.303092379053027,39.999999999999964,-2.312482474757847,1.2235817575083483,2.5027808676306953,1.8500039454552688,1.5666034752500093,0.542655051809692,0,0,0.43837027442497684,2026-04,new18
ENA_USDT_SWAP,2026-04-23 18:00:00+00:00,1.5,1,13.0,29.55136036282646,67.70981507823612,-1.1926109405963945,0.056053811659184063,2.6158445440956624,1.55982527271016,1.7031565930840982,0.7057193577270002,0,0,0.4638084105770224,2026-04,orig52
HOME_USDT_SWAP,2026-04-24 03:00:00+00:00,-1.0,0,7.000000000000001,15.748770818334602,55.670103092783464,-3.902136592901558,0.7361963190183962,2.0245398773006165,1.615138789457758,1.1066609092346504,0.5487597635869597,0,0,0.4904680678555153,2026-04,new18
XAU_USDT_SWAP,2026-04-27 01:00:00+00:00,1.5,1,41.0,25.714102178463826,48.82005899704989,-0.5782896789806163,0.32174209494586753,0.4900707406460411,2.4958404369455742,0.34991229041658384,0.14261665475137256,0,0,0.4407475652914458,2026-04,new18
FIL_USDT_SWAP,2026-04-28 12:00:00+00:00,-1.0,0,51.0,22.1578468289378,48.333333333333385,-1.8775815289694076,1.0967317394165275,1.4476858960298298,2.2183295346386416,1.1452109026456836,0.41456928057234993,0,0,0.4353223599979947,2026-04,orig52
NEAR_USDT_SWAP,2026-04-28 16:00:00+00:00,1.5,1,87.0,30.456079517928327,33.92857142857123,-3.209083842954715,1.6516516516516528,2.252252252252254,2.16632923010734,1.1110109377422905,0.45266423879491424,0,0,0.46489018762766643,2026-04,orig52
TRX_USDT_SWAP,2026-04-29 02:00:00+00:00,1.5,1,30.0,36.69121824717509,30.76923076923069,-1.081970948200803,0.43545878693624024,0.43545878693624024,1.665833994736621,0.3472917713313516,0.14093522174951206,0,0,0.45607348874615494,2026-04,orig52
LINK_USDT_SWAP,2026-05-01 13:00:00+00:00,-1.0,0,28.999999999999996,19.000053231069288,74.36708860759501,0.14561094521791287,0.6305033155777784,1.076203935210351,3.413268473292437,0.836063214072084,0.28165743982783326,0,0,0.4184953181988443,2026-05,orig52
ATOM_USDT_SWAP,2026-05-02 13:00:00+00:00,1.5,1,8.0,16.68037556394665,34.32835820895532,-2.212564156759503,0.8588298443370914,1.0198604401502902,1.5637159740008728,1.07805235780645,0.36471142511700594,0,0,0.4461251828765291,2026-05,orig52
NEAR_USDT_SWAP,2026-05-03 22:00:00+00:00,-1.0,0,49.0,31.085911640212693,55.55555555555571,-3.318733927480751,0.47169811320754756,1.4937106918239094,2.2015353836414553,0.5046084876064098,0.30194452606174527,0,0,0.5069570611774621,2026-05,orig52
XRP_USDT_SWAP,2026-05-04 00:00:00+00:00,1.5,1,42.0,21.793815962719442,50.0,-0.31596627741252387,0.7215007215007222,1.1544011544011554,2.0010188921948213,0.6104130198915739,0.2538360757759854,0,0,0.4129595752894489,2026-05,orig52
1INCH_USDT_SWAP,2026-05-04 01:00:00+00:00,1.5,1,59.0,9.827403785866075,48.88888888888885,0.35636619263057867,0.8501594048884114,0.8501594048884114,9.860287439226372,0.8305234416733874,0.43918655541751384,0,0,0.670976474245474,2026-05,orig52
HOME_USDT_SWAP,2026-05-04 01:00:00+00:00,1.5,1,75.0,20.655598083968368,58.8888888888889,-6.444529126115303,0.4992867332382232,1.426533523537807,1.723471265084661,0.8953777559837032,0.5418789668820547,0,0,0.5281685500050204,2026-05,new18
ATOM_USDT_SWAP,2026-05-04 01:00:00+00:00,-1.0,0,56.99999999999999,11.906401115380005,69.44444444444457,0.16413397117806952,0.8474576271186331,1.0593220338982943,4.787599170342468,0.8019200603270781,0.3810306127127663,0,0,0.4686066081099335,2026-05,orig52
LDO_USDT_SWAP,2026-05-04 02:00:00+00:00,-1.0,0,80.0,16.220258107523094,61.2040133779264,-0.6081679097495842,1.5204995927233216,2.5251153950583847,3.2240071144569424,1.2199365480655318,0.6818541319799072,0,0,0.4414793236773101,2026-05,orig52
ARB_USDT_SWAP,2026-05-04 02:00:00+00:00,-1.0,0,77.0,30.00271629048221,58.49297573435502,-3.681414371139205,1.4459665144596678,2.435312024353115,2.235461067492805,1.2185881283713058,0.6594603895685852,0,0,0.4723620959086696,2026-05,orig52
NEAR_USDT_SWAP,2026-05-04 02:00:00+00:00,-1.0,0,88.0,29.081569142953317,64.61538461538473,-1.8390399497089336,1.0124610591900407,1.713395638629285,2.3604655333684676,0.9068058998496973,0.4207509685645901,0,0,0.41950541944558667,2026-05,orig52
BEAT_USDT_SWAP,2026-05-04 11:00:00+00:00,-1.0,0,68.0,18.420381825813756,37.68545994065288,-0.015122516973898806,2.3686553873552945,5.431878895814777,1.8101147778906732,2.412120870888459,0.9767996085960428,0,0,0.42323298140323157,2026-05,new18
ALLO_USDT_SWAP,2026-05-10 17:00:00+00:00,-1.0,0,56.00000000000001,17.052368698438414,37.50000000000009,-6.075654296644897,1.545790394711266,3.558234493486289,3.8430789643849885,0.8976539509166511,0.5381604049295461,0,0,0.6296171276322725,2026-05,new3
ALLO_USDT_SWAP,2026-05-16 15:00:00+00:00,1.5,1,55.00000000000001,29.241489239074866,56.41711229946531,-9.633758815286656,1.350550882596851,2.298305887927967,2.7642337677504174,1.4179418720235997,0.709473408942301,0,0,0.6031463694354993,2026-05,new3
DYDX_USDT_SWAP,2026-05-18 00:00:00+00:00,-1.0,0,65.0,29.366352878991016,30.191826522101778,-10.418526176808976,2.931620144734879,5.885393590311626,2.5349136686306464,2.271528210852633,0.804112736119051,0,0,0.6074195780975237,2026-05,orig52
ENA_USDT_SWAP,2026-05-18 00:00:00+00:00,-1.0,0,42.0,29.86746024010769,28.571428571428513,-8.68734079080089,1.4363688595231268,5.391171119410128,1.83961727653804,1.5932193860486283,0.5346638414206623,0,0,0.6165327168297134,2026-05,orig52
XAU_USDT_SWAP,2026-05-18 01:00:00+00:00,1.5,1,53.0,26.549561938617728,40.7142857142855,-1.8827639067873734,0.4868333702146493,1.3719849524231025,3.651502846538222,0.2830164951171242,0.15806458985591343,0,0,0.5372377045300929,2026-05,new18
SNDK_USDT_SWAP,2026-05-18 01:00:00+00:00,1.5,1,35.0,27.650440843539,44.21965317919076,-1.9194121062680025,1.9437973209085648,3.661910308677924,2.930255005807966,1.2639034939968934,0.59484613816908,0,0,0.4589006385656893,2026-05,new18
SNDK_USDT_SWAP,2026-05-18 02:00:00+00:00,1.5,1,38.0,26.641246583667723,42.559523809523824,-1.557133926354304,0.8877661494045439,2.7571273908336376,3.363479973110454,1.26910951467126,0.6006700821168844,0,0,0.5488683556226468,2026-05,new18
PEPE_USDT_SWAP,2026-05-20 14:00:00+00:00,-1.0,0,46.0,13.951044470257024,69.12442396313364,-3.0013805173749066,0.7076755579749663,1.3881328252585745,3.404433421855765,1.315537068970987,0.46100395738654165,0,0,0.4710572233191402,2026-05,orig52
ARB_USDT_SWAP,2026-05-20 14:00:00+00:00,-1.0,0,59.0,21.92000508183357,50.99415204678364,-7.0068842685945265,1.1867582760774498,1.9987507807620166,1.998245034431953,1.2099232178991222,0.6108277698879945,0,0,0.5330339349223797,2026-05,orig52
ADA_USDT_SWAP,2026-05-20 14:00:00+00:00,-1.0,0,48.0,16.357807329200828,59.663865546218574,-2.5208526020829307,0.4428341384863083,1.0869565217391224,2.6791024173357365,0.6949750749716757,0.3568311508914719,0,0,0.47617859545677876,2026-05,orig52
ZBT_USDT_SWAP,2026-05-22 02:00:00+00:00,1.5,1,99.0,30.402881115523506,31.646992692524023,-8.757860305890524,4.642532035571737,7.618514109656188,1.6043409715503054,3.0692771128063274,1.2498580130756423,0,0,0.4308853906346536,2026-05,new18
ETH_USDT_SWAP,2026-05-22 15:00:00+00:00,-1.0,0,8.0,15.194407399452349,35.77676696990858,-2.2191124022050377,0.6162570888468791,0.8431001890359237,1.9681252469906714,0.5776804386720717,0.2302930959467939,0,0,0.48638460253380544,2026-05,orig52
COMP_USDT_SWAP,2026-05-27 05:00:00+00:00,-1.0,0,24.0,30.050463705002823,49.137931034482776,-7.251156285306504,0.31612223393044636,1.1591148577449888,2.4707397690474395,0.9359224760709443,0.5723533388040408,0,0,0.6282399123497907,2026-05,orig52
1INCH_USDT_SWAP,2026-05-27 14:00:00+00:00,-1.0,0,71.0,25.299017260698232,39.99999999999999,-3.075585643239829,1.0273972602739705,1.141552511415526,4.558684628011261,0.904297949700345,0.47641116245581183,0,0,0.5820171533911969,2026-05,orig52
SOL_USDT_SWAP,2026-05-27 14:00:00+00:00,-1.0,0,44.0,14.359740953972938,45.56451612903231,-1.878045528436867,0.34697296003829414,1.2921751615218933,2.878241587820084,0.38399371632914864,0.25668586630583956,0,0,0.49853210679458565,2026-05,orig52
LINK_USDT_SWAP,2026-05-27 14:00:00+00:00,-1.0,0,66.0,14.57148087051607,39.80815347721841,-1.9966792530930089,0.8151008151008206,1.5444015444015458,1.6914322814632274,0.7575922508801696,0.3987783401342684,0,0,0.44103654353869404,2026-05,orig52
SHIB_USDT_SWAP,2026-05-27 14:00:00+00:00,-1.0,0,56.00000000000001,19.547400004382954,35.14851485148523,-3.169764427685461,0.7293946024799347,1.3493800145878854,2.3723247320428307,0.6622296572580627,0.3261398620523507,0,0,0.49996339769225573,2026-05,orig52
DOGE_USDT_SWAP,2026-05-27 14:00:00+00:00,1.5,1,63.0,16.781783659635096,46.428571428571544,-1.8480363929001744,0.6513372150399624,1.4309681239514387,2.1027398062055838,0.8144006437330736,0.336946974360509,0,0,0.42717686072673267,2026-05,orig52
AVAX_USDT_SWAP,2026-05-27 14:00:00+00:00,1.5,1,67.0,14.465807441734077,46.88427299703249,-1.3671609973412018,0.40450420903027257,1.300972996610908,1.8134777220107763,0.4387881761332496,0.3092121110328687,0,0,0.4291393013210061,2026-05,orig52
ENA_USDT_SWAP,2026-05-27 14:00:00+00:00,1.5,1,72.0,17.571529732255048,39.223560910307896,-5.435919123465107,0.7197997079073609,2.0446484456499094,2.1493996929845354,1.722647639763898,0.6573101834779513,0,0,0.5400482016499127,2026-05,orig52
UNI_USDT_SWAP,2026-05-27 14:00:00+00:00,-1.0,0,62.0,16.86530065552577,47.97687861271673,-4.049884497012674,0.6127450980392163,1.5624999999999913,1.5856211145533825,0.8177921216050765,0.4755524025414944,0,0,0.48120895683702164,2026-05,orig52
HBAR_USDT_SWAP,2026-05-27 22:00:00+00:00,-1.0,0,82.0,23.130625895349432,43.526170798898136,-3.2869877507643794,0.9012172284644111,1.5917602996254683,1.820875288169628,0.6415250463892973,0.34541731171395795,0,0,0.4493564454677322,2026-05,orig52
SUI_USDT_SWAP,2026-05-29 15:00:00+00:00,-1.0,0,84.0,33.979087332624076,45.58823529411765,-8.058496928515668,0.3420878393290655,2.2180534098433022,3.7228850694864355,1.893458059303526,0.6473021545282872,0,0,0.6633978371243341,2026-05,orig52
ETC_USDT_SWAP,2026-05-29 15:00:00+00:00,-1.0,0,94.0,35.84473612046516,48.643761301989095,-5.026569804303874,0.2702038811102953,1.7440432326209712,2.5340300841313224,1.3954185291946757,0.5069983438301163,0,0,0.538119106724191,2026-05,orig52
GALA_USDT_SWAP,2026-05-31 15:00:00+00:00,1.5,1,20.0,14.75989880367198,27.745664739884504,-4.452240799421184,1.9160885365047866,2.114304592005294,1.5242919529874048,1.7623486745857608,0.5416840057224749,0,0,0.45070332004811087,2026-05,orig52
XAU_USDT_SWAP,2026-06-07 23:00:00+00:00,-1.0,0,30.0,19.05382771521449,66.84027777777735,-1.595550152124971,0.016195830730448797,0.5275213437912167,2.3335867473713976,0.2893307757949625,0.15596673765785496,0,0,0.4073518327223748,2026-06,new18
PUMP_USDT_SWAP,2026-06-20 15:00:00+00:00,-1.0,0,11.0,19.513283996301297,58.695652173913146,-6.156053706461781,1.1644832605531263,3.6390101892285394,1.8085636603958253,1.1199511172555054,0.6547174334768319,0,0,0.5260141025940728,2026-06,new18
INJ_USDT_SWAP,2026-06-24 12:00:00+00:00,-1.0,0,61.0,44.925282797875134,19.117647058823437,-12.485873574312908,2.748267898383366,4.272517321016178,1.9238240642474569,2.9888734260327925,0.7619416706379826,0,0,0.6272968049093242,2026-06,orig52
EGLD_USDT_SWAP,2026-06-24 14:00:00+00:00,-1.0,0,84.0,45.01032755870813,37.80487804878046,-6.855228236281636,1.2942519984773602,2.245907879710703,4.4387177118065315,1.1142921949333162,0.535559991074382,0,0,0.6308978675387084,2026-06,orig52
FET_USDT_SWAP,2026-06-24 14:00:00+00:00,-1.0,0,53.0,15.448281161942997,38.650306748466335,-8.647592643071455,1.8845700824499296,2.826855123674911,1.7639830559322238,1.678861746685577,0.7572817970171848,0,0,0.5282332342187025,2026-06,orig52
GALA_USDT_SWAP,2026-06-24 14:00:00+00:00,-1.0,0,30.0,33.35563662208572,39.2857142857143,-7.015548254359265,2.102607232968887,3.02775441547519,1.858618932697436,1.1193473484267045,0.6257351987214155,0,0,0.5193377973249886,2026-06,orig52
LINK_USDT_SWAP,2026-06-24 14:00:00+00:00,-1.0,0,88.0,26.303173828631696,36.88699360341162,-4.744776844129549,1.5263087428035864,1.8074708796358252,2.3401651567449107,1.1321348024760673,0.5122750859708162,0,0,0.46508075044511005,2026-06,orig52
GALA_USDT_SWAP,2026-06-28 15:00:00+00:00,-1.0,0,28.000000000000004,29.904317053934253,61.53846153846161,-4.867989113244371,0.8351648351648316,2.4175824175824143,1.8427933904589686,0.9725853288661709,0.4795182555583028,0,0,0.4666442203023857,2026-06,orig52
BNB_USDT_SWAP,2026-06-28 20:00:00+00:00,-1.0,0,35.0,26.016204366509598,37.86407766990273,-3.6232307640043127,0.94855892010214,1.2221816855162433,4.797744166944939,0.9256799240372254,0.3126884180226148,0,0,0.5706797782635137,2026-06,orig52
HBAR_USDT_SWAP,2026-06-28 23:00:00+00:00,1.5,1,21.0,21.966736062570718,46.64429530201333,-5.028830603269046,0.014172335600901536,1.6014739229024835,1.5380828570778493,0.8744898981036345,0.376004678287138,0,0,0.5204250945269643,2026-06,orig52
SNDK_USDT_SWAP,2026-06-29 01:00:00+00:00,-1.0,0,34.0,25.888456616483104,44.673159955818726,-1.3234392408658573,1.469645505429833,5.094962445581974,2.879411946010611,1.0672162352210248,0.449063969684803,0,0,0.49447440367987006,2026-06,new18
SOXL_USDT_SWAP,2026-06-29 01:00:00+00:00,-1.0,0,34.0,22.69201925459629,53.802588996763724,-9.01212662384463,2.9582203944293917,6.355734180764555,3.282677073395943,2.117831151486768,0.9804522844429486,0,0,0.5473047707176092,2026-06,new18
SKHYNIX_USDT_SWAP,2026-07-06 00:00:00+00:00,-1.0,0,39.0,20.218489334849853,43.73630958589752,-1.2532879638594265,1.245121608542262,3.302631989759287,10.077812607619054,0.9347941682695713,0.4754471496208527,0,0,0.7064485007004071,2026-07,new18
MU_USDT_SWAP,2026-07-06 00:00:00+00:00,-1.0,0,36.0,11.405059111293502,44.97109826589605,-2.881266405558464,1.0724174238583628,2.7063916078461947,6.707896940209004,0.7241756151768293,0.39192647060430363,0,0,0.5739608040198018,2026-07,new18
HYPE_USDT_SWAP,2026-07-23 14:00:00+00:00,-1.0,0,79.0,15.528210717785669,57.63182238667891,-2.681391467297263,0.34849689567086173,1.6206797381198057,1.9025244713072662,0.7978408325244346,0.4738606513940148,0,0,0.4504105622939717,2026-07,new18
CHZ_USDT_SWAP,2026-07-24 14:00:00+00:00,-1.0,0,56.99999999999999,20.489330777057624,42.66666666666661,-5.911732607671658,0.8344923504867893,1.6689847009735785,1.6893908509882765,1.106411681825039,0.4731129157231091,0,0,0.49877945814545727,2026-07,orig52
ETH_USDT_SWAP,2026-07-24 14:00:00+00:00,1.5,1,57.99999999999999,36.09455058689985,44.977113948446224,-1.1424035746196632,0.7883131498602614,1.4780871559880053,1.992393236208313,0.9561749582951884,0.3739861260718213,0,0,0.4342130585857926,2026-07,orig52
FIL_USDT_SWAP,2026-07-24 14:00:00+00:00,1.5,1,28.000000000000004,37.259671246783995,40.62500000000019,-3.891495659321843,1.2583892617449677,1.9714765100671143,2.2227357171883733,1.218604363336368,0.4648372334585804,0,0,0.4910387880654237,2026-07,orig52
AXS_USDT_SWAP,2026-07-26 19:00:00+00:00,1.5,1,17.0,22.408495540972602,44.444444444444436,-2.9635359865971704,1.1312217194570147,1.3574660633484175,3.7709066976068826,0.6450325291148752,0.30539101293827503,0,0,0.4842584195111431,2026-07,orig52
SUI_USDT_SWAP,2026-07-27 13:00:00+00:00,-1.0,0,68.0,13.220618428293982,36.11111111111098,-2.2603565888625594,0.3645030141595311,1.654282910416379,2.1116964287745734,0.7913327608780057,0.35332826894101577,0,0,0.4808314488400516,2026-07,orig52
ALLO_USDT_SWAP,2026-07-27 17:00:00+00:00,1.5,1,33.0,23.449932786526244,57.55963302752296,-19.391812674701555,3.235686559922372,4.118146530810297,1.9380603402617722,3.2502820684699834,1.3162251862277852,0,0,0.6100615646415164,2026-07,new3
